,date,open,close,high,low,volume,code
108,2015-06-15,5174.42,5062.99,5176.79,5048.74,637803984.0,sh
109,2015-06-16,5004.41,4887.43,5029.68,4842.1,550801407.0,sh
110,2015-06-17,4890.55,4967.9,4983.66,4767.22,537101168.0,sh
111,2015-06-18,4942.52,4785.36,4966.77,4780.87,507440899.0,sh
112,2015-06-19,4689.93,4478.36,4744.08,4476.5,452689626.0,sh
113,2015-06-23,4471.61,4576.49,4577.94,4264.77,473526128.0,sh
114,2015-06-24,4604.58,4690.15,4691.77,4552.13,543003709.0,sh
115,2015-06-25,4711.76,4527.78,4720.7,4483.55,572797533.0,sh
116,2015-06-26,4399.93,4192.87,4456.9,4139.53,565217874.0,sh
117,2015-06-29,4289.77,4053.03,4297.48,3875.05,673786349.0,sh
118,2015-06-30,4006.75,4277.22,4279.97,3847.88,709176633.0,sh
119,2015-07-01,4214.15,4053.7,4317.05,4043.37,598769427.0,sh
120,2015-07-02,4058.62,3912.77,4080.39,3795.25,586015612.0,sh
121,2015-07-03,3793.71,3686.92,3927.13,3629.56,548163111.0,sh
122,2015-07-06,3975.21,3775.91,3975.21,3653.04,831139286.0,sh
123,2015-07-07,3654.78,3727.12,3750.57,3585.4,698818688.0,sh
124,2015-07-08,3467.4,3507.19,3599.25,3421.52,680356922.0,sh
125,2015-07-09,3432.45,3709.33,3748.48,3373.54,656914612.0,sh
126,2015-07-10,3707.46,3877.8,3959.22,3677.44,586364255.0,sh
127,2015-07-13,3918.99,3970.39,4030.2,3858.64,643489007.0,sh
128,2015-07-14,3958.37,3924.49,4035.44,3855.56,670558799.0,sh
129,2015-07-15,3874.97,3805.7,3914.27,3741.25,601301324.0,sh
130,2015-07-16,3758.5,3823.18,3877.51,3688.44,492256200.0,sh
131,2015-07-17,3831.42,3957.35,3994.48,3814.15,481726268.0,sh
132,2015-07-20,3948.42,3992.11,4021.33,3927.12,539106714.0,sh
133,2015-07-21,3939.9,4017.68,4041.82,3912.8,504288028.0,sh
134,2015-07-22,3996.43,4026.04,4042.34,3960.86,520732225.0,sh
135,2015-07-23,4022.27,4123.92,4132.61,4019.04,563585966.0,sh
136,2015-07-24,4124.75,4070.91,4184.45,4044.83,627424860.0,sh
137,2015-07-27,3985.57,3725.56,4051.16,3720.44,556003247.0,sh
138,2015-07-28,3573.14,3663.0,3762.53,3537.36,563330042.0,sh
139,2015-07-29,3689.82,3789.17,3792.07,3612.06,434352085.0,sh
140,2015-07-30,3773.79,3705.77,3844.37,3685.96,457943228.0,sh
141,2015-07-31,3655.67,3663.73,3729.51,3620.17,350955745.0,sh
142,2015-08-03,3614.99,3622.91,3648.94,3549.5,363968731.0,sh
143,2015-08-04,3621.85,3756.54,3757.03,3601.29,362901666.0,sh
144,2015-08-05,3745.65,3694.57,3782.35,3676.39,366422979.0,sh
145,2015-08-06,3625.5,3661.54,3710.57,3614.74,274074663.0,sh
146,2015-08-07,3692.61,3744.21,3756.74,3686.3,340757184.0,sh
147,2015-08-10,3786.03,3928.42,3943.62,3775.85,497304319.0,sh
148,2015-08-11,3928.81,3927.91,3970.34,3891.18,538923460.0,sh
149,2015-08-12,3881.23,3886.32,3937.77,3871.14,442688278.0,sh
150,2015-08-13,3869.91,3954.56,3955.79,3838.16,430073303.0,sh
151,2015-08-14,3976.41,3965.33,4000.68,3939.83,467988217.0,sh
152,2015-08-17,3947.84,3993.67,3994.54,3907.4,460432060.0,sh
153,2015-08-18,3999.13,3748.16,4006.34,3743.39,543770822.0,sh
154,2015-08-19,3646.8,3794.11,3811.43,3558.38,475396239.0,sh
155,2015-08-20,3754.57,3664.29,3788.0,3663.61,390063057.0,sh
156,2015-08-21,3609.96,3507.74,3652.84,3490.54,369920479.0,sh
157,2015-08-24,3373.48,3209.91,3388.36,3191.88,334671792.0,sh
158,2015-08-25,3004.13,2964.97,3123.03,2947.94,352325110.0,sh
159,2015-08-26,2980.79,2927.29,3092.04,2850.71,466699663.0,sh
160,2015-08-27,2978.03,3083.59,3085.42,2906.49,400308398.0,sh
161,2015-08-28,3125.26,3232.35,3235.84,3102.95,443136928.0,sh
162,2015-08-31,3203.56,3205.99,3207.86,3109.16,397431382.0,sh
163,2015-09-01,3157.83,3166.62,3180.33,3053.74,432432468.0,sh
164,2015-09-02,3027.68,3160.17,3194.49,3019.09,438170153.0,sh
165,2015-09-07,3149.38,3080.42,3217.58,3066.3,296468114.0,sh
166,2015-09-08,3054.44,3170.45,3174.71,3011.12,255415465.0,sh
167,2015-09-09,3182.55,3243.09,3256.74,3165.7,375327978.0,sh
168,2015-09-10,3190.55,3197.89,3243.28,3178.9,273261759.0,sh
169,2015-09-11,3189.48,3200.23,3223.76,3163.45,224557822.0,sh
170,2015-09-14,3221.17,3114.8,3229.48,3049.23,346631158.0,sh
171,2015-09-15,3043.8,3005.17,3081.7,2983.92,249194445.0,sh
172,2015-09-16,2998.04,3152.26,3182.93,2983.53,277524524.0,sh
173,2015-09-17,3131.98,3086.06,3204.7,3085.31,317602892.0,sh
174,2015-09-18,3100.28,3097.92,3122.05,3070.34,209175398.0,sh
175,2015-09-21,3072.09,3156.54,3159.88,3060.86,239897354.0,sh
176,2015-09-22,3161.32,3185.62,3213.48,3152.48,274786154.0,sh
177,2015-09-23,3137.72,3115.89,3164.04,3104.74,236322670.0,sh
178,2015-09-24,3126.49,3142.69,3151.17,3109.69,212887723.0,sh
179,2015-09-25,3130.85,3092.35,3149.95,3063.0,236263871.0,sh
180,2015-09-28,3085.57,3100.76,3103.07,3042.31,156727530.0,sh
181,2015-09-29,3055.22,3038.14,3068.3,3021.16,163222673.0,sh
182,2015-09-30,3052.84,3052.78,3073.3,3039.74,146642449.0,sh
183,2015-10-08,3156.07,3143.36,3172.28,3133.13,234276050.0,sh
184,2015-10-09,3146.64,3183.15,3192.72,3137.79,234851445.0,sh
185,2015-10-12,3193.54,3287.66,3318.71,3188.41,386294715.0,sh
186,2015-10-13,3262.16,3293.23,3298.63,3253.25,297153133.0,sh
187,2015-10-14,3280.02,3262.44,3307.31,3256.25,295077739.0,sh
188,2015-10-15,3255.03,3338.07,3338.3,3254.39,316283851.0,sh
189,2015-10-16,3358.3,3391.35,3393.02,3334.85,395460575.0,sh
190,2015-10-19,3401.63,3386.7,3423.4,3355.57,378112183.0,sh
191,2015-10-20,3377.55,3425.33,3425.52,3357.86,318973758.0,sh
192,2015-10-21,3428.56,3320.68,3447.26,3265.44,458455428.0,sh
193,2015-10-22,3292.29,3368.74,3373.78,3282.99,323739341.0,sh
194,2015-10-23,3377.55,3412.43,3422.02,3360.22,347372854.0,sh
195,2015-10-26,3448.65,3429.58,3457.52,3402.0,365560853.0,sh
196,2015-10-27,3409.14,3434.34,3441.56,3332.62,328172768.0,sh
197,2015-10-28,3417.01,3375.2,3439.76,3367.23,293523284.0,sh
198,2015-10-29,3387.77,3387.31,3411.71,3362.51,235676026.0,sh
199,2015-10-30,3380.28,3382.56,3417.2,3346.59,243595118.0,sh
200,2015-11-02,3337.58,3325.08,3391.06,3322.31,230951129.0,sh
201,2015-11-03,3330.32,3316.7,3346.27,3302.18,192897428.0,sh
202,2015-11-04,3325.62,3459.64,3459.65,3325.62,339078730.0,sh
203,2015-11-05,3459.22,3522.82,3585.66,3455.52,553254947.0,sh
204,2015-11-06,3514.44,3590.03,3596.38,3508.83,429167033.0,sh
205,2015-11-09,3588.5,3646.88,3673.76,3588.5,503016682.0,sh
206,2015-11-10,3617.4,3640.49,3669.53,3607.89,429746576.0,sh
207,2015-11-11,3635.0,3650.25,3654.88,3605.62,360972651.0,sh
208,2015-11-12,3656.82,3632.9,3659.31,3603.23,361717600.0,sh
209,2015-11-13,3600.76,3580.84,3632.56,3564.81,345870933.0,sh
210,2015-11-16,3522.46,3606.96,3607.61,3519.42,276187057.0,sh
211,2015-11-17,3629.98,3604.79,3678.27,3598.07,383575468.0,sh
212,2015-11-18,3605.06,3568.47,3617.07,3558.7,297580734.0,sh
213,2015-11-19,3573.78,3617.06,3618.21,3561.04,247915576.0,sh
214,2015-11-20,3620.79,3630.5,3640.53,3607.92,310801972.0,sh
215,2015-11-23,3630.87,3610.31,3654.75,3598.87,315997474.0,sh
216,2015-11-24,3602.89,3616.11,3616.48,3563.1,248810524.0,sh
217,2015-11-25,3614.07,3647.93,3648.37,3607.52,273024857.0,sh
218,2015-11-26,3659.57,3635.55,3668.38,3629.86,306761582.0,sh
219,2015-11-27,3616.54,3436.3,3621.9,3412.43,354287525.0,sh
220,2015-11-30,3433.85,3445.41,3470.37,3327.81,304197903.0,sh
221,2015-12-01,3442.44,3456.31,3483.41,3417.54,252390755.0,sh
222,2015-12-02,3450.28,3536.91,3538.85,3427.66,301491480.0,sh
223,2015-12-03,3525.73,3584.82,3591.73,3517.23,281111255.0,sh
224,2015-12-04,3558.15,3524.99,3568.97,3510.41,251736411.0,sh
225,2015-12-07,3529.81,3536.93,3543.95,3506.62,208302579.0,sh
226,2015-12-08,3518.65,3470.07,3518.65,3466.79,224367310.0,sh
227,2015-12-09,3462.58,3472.44,3495.7,3454.88,195698845.0,sh
228,2015-12-10,3469.81,3455.5,3503.65,3446.27,200427517.0,sh
229,2015-12-11,3441.6,3434.58,3455.55,3410.92,182908878.0,sh
230,2015-12-14,3403.51,3520.67,3521.78,3399.28,215374620.0,sh
231,2015-12-15,3518.13,3510.35,3529.96,3496.85,200471341.0,sh
232,2015-12-16,3522.09,3516.19,3538.69,3506.29,193482310.0,sh
233,2015-12-17,3533.63,3580.0,3583.41,3533.63,283856476.0,sh
234,2015-12-18,3574.94,3578.96,3614.7,3568.16,273707904.0,sh
235,2015-12-21,3568.58,3642.47,3651.06,3565.75,299849280.0,sh
236,2015-12-22,3645.99,3651.77,3652.64,3616.87,261178763.0,sh
237,2015-12-23,3653.28,3636.09,3684.57,3633.02,298201801.0,sh
238,2015-12-24,3631.31,3612.49,3640.22,3572.28,227785225.0,sh
239,2015-12-25,3614.05,3627.91,3635.26,3601.74,198451111.0,sh
240,2015-12-28,3635.77,3533.78,3641.59,3533.78,269983278.0,sh
241,2015-12-29,3528.4,3563.74,3564.17,3515.52,182551923.0,sh
242,2015-12-30,3566.73,3572.88,3573.68,3538.11,187889609.0,sh
243,2015-12-31,3570.47,3539.18,3580.6,3538.35,176963659.0,sh
244,2016-01-04,3536.59,3296.66,3538.69,3295.74,184418423.0,sh
245,2016-01-05,3196.65,3287.71,3328.14,3189.6,266882083.0,sh
246,2016-01-06,3291.19,3361.84,3362.97,3288.93,238886670.0,sh
247,2016-01-07,3309.66,3125.0,3309.66,3115.89,70569123.0,sh
248,2016-01-08,3194.63,3186.41,3235.45,3056.88,286440822.0,sh
249,2016-01-11,3131.85,3016.7,3166.22,3016.7,271643691.0,sh
250,2016-01-12,3026.16,3022.86,3047.66,2978.46,207659622.0,sh
251,2016-01-13,3041.11,2949.6,3059.01,2949.29,194282106.0,sh
252,2016-01-14,2874.05,3007.65,3012.29,2867.55,212905644.0,sh
253,2016-01-15,2988.05,2900.97,3001.71,2883.87,198721697.0,sh
254,2016-01-18,2847.54,2913.84,2945.45,2844.7,164699694.0,sh
255,2016-01-19,2914.41,3007.74,3012.07,2906.4,205279703.0,sh
256,2016-01-20,2993.01,2976.69,3016.28,2951.92,216505474.0,sh
257,2016-01-21,2934.39,2880.48,2998.79,2880.08,191675668.0,sh
258,2016-01-22,2911.11,2916.56,2931.36,2851.73,159810734.0,sh
259,2016-01-25,2934.08,2938.51,2955.78,2911.83,153039057.0,sh
260,2016-01-26,2907.72,2749.79,2911.99,2743.84,210836054.0,sh
261,2016-01-27,2756.08,2735.56,2768.77,2638.3,215722046.0,sh
262,2016-01-28,2711.16,2655.66,2740.54,2647.49,171120280.0,sh
263,2016-01-29,2652.85,2737.6,2755.37,2649.79,186673106.0,sh
264,2016-02-01,2730.98,2688.85,2735.26,2655.62,156383744.0,sh
265,2016-02-02,2687.98,2749.57,2755.16,2687.98,158078211.0,sh
266,2016-02-03,2719.57,2739.25,2746.07,2696.88,148397217.0,sh
267,2016-02-04,2751.43,2781.02,2793.3,2751.31,170382018.0,sh
268,2016-02-05,2783.08,2763.49,2790.06,2762.16,141186284.0,sh
269,2016-02-15,2684.96,2746.2,2760.36,2682.09,129263932.0,sh
270,2016-02-16,2758.58,2836.57,2840.62,2758.58,195961614.0,sh
271,2016-02-17,2829.76,2867.34,2868.7,2824.36,216909925.0,sh
272,2016-02-18,2881.78,2862.89,2893.21,2857.7,219203873.0,sh
273,2016-02-19,2854.9,2860.02,2872.72,2840.49,163391413.0,sh
274,2016-02-22,2888.6,2927.18,2933.96,2880.35,232176042.0,sh
275,2016-02-23,2925.71,2903.33,2928.05,2872.28,199740663.0,sh
276,2016-02-24,2889.88,2928.9,2929.87,2872.27,213410384.0,sh
277,2016-02-25,2922.24,2741.25,2922.24,2729.85,270284416.0,sh
278,2016-02-26,2760.06,2767.21,2784.75,2715.87,191110472.0,sh
279,2016-02-29,2754.81,2687.98,2755.89,2638.96,207410709.0,sh
280,2016-03-01,2688.38,2733.17,2747.56,2668.76,187207443.0,sh
281,2016-03-02,2733.77,2849.68,2852.7,2732.54,270961783.0,sh
282,2016-03-03,2847.33,2859.76,2878.45,2840.87,287478210.0,sh
283,2016-03-04,2848.54,2874.15,2880.37,2808.85,312495169.0,sh
284,2016-03-07,2886.64,2897.34,2911.84,2871.35,217466836.0,sh
285,2016-03-08,2895.67,2901.39,2902.62,2802.56,233482661.0,sh
286,2016-03-09,2839.41,2862.56,2863.01,2811.72,183355383.0,sh
287,2016-03-10,2847.57,2804.73,2863.18,2803.48,138979461.0,sh
288,2016-03-11,2781.6,2810.31,2815.61,2772.55,127247554.0,sh
289,2016-03-14,2830.08,2859.5,2889.82,2823.03,194816030.0,sh
290,2016-03-15,2853.98,2864.37,2865.79,2819.79,163386667.0,sh
291,2016-03-16,2858.71,2870.43,2881.53,2854.19,186492535.0,sh
292,2016-03-17,2875.41,2904.83,2921.0,2857.19,200290213.0,sh
293,2016-03-18,2915.52,2955.15,2971.55,2908.74,313332735.0,sh
294,2016-03-21,2978.46,3018.8,3028.32,2973.76,352400438.0,sh
295,2016-03-22,3001.63,2999.36,3019.1,2988.43,270377322.0,sh
296,2016-03-23,2991.17,3009.96,3012.56,2980.86,216977462.0,sh
297,2016-03-24,2986.8,2960.97,2998.15,2960.54,237006403.0,sh
298,2016-03-25,2956.2,2979.43,2981.41,2952.11,175074344.0,sh
299,2016-03-28,2988.01,2957.82,3008.17,2948.53,202021241.0,sh
300,2016-03-29,2956.71,2919.83,2962.2,2905.25,182965345.0,sh
301,2016-03-30,2941.22,3000.65,3001.11,2941.22,210371451.0,sh
302,2016-03-31,3009.37,3003.92,3023.41,2992.92,220413445.0,sh
303,2016-04-01,2997.09,3009.53,3009.67,2956.25,206545866.0,sh
304,2016-04-05,3000.94,3053.07,3057.33,2993.15,256730344.0,sh
305,2016-04-06,3039.74,3050.59,3059.79,3029.0,232262051.0,sh
306,2016-04-07,3058.34,3008.42,3062.36,3007.06,220919506.0,sh
307,2016-04-08,2988.2,2984.96,2996.17,2960.46,187904633.0,sh
308,2016-04-11,3006.91,3033.96,3048.98,3006.91,220018324.0,sh
309,2016-04-12,3031.3,3023.65,3036.82,3001.32,182718668.0,sh
310,2016-04-13,3041.36,3066.64,3097.16,3041.36,310003246.0,sh
311,2016-04-14,3080.09,3082.36,3086.7,3056.99,208237830.0,sh
312,2016-04-15,3085.03,3078.12,3089.95,3066.87,189613051.0,sh
313,2016-04-18,3058.46,3033.66,3058.46,3022.97,183304512.0,sh
314,2016-04-19,3047.13,3042.82,3054.5,3024.9,156533200.0,sh
315,2016-04-20,3050.38,2972.58,3055.69,2905.05,283144219.0,sh
316,2016-04-21,2954.37,2952.89,2990.67,2943.46,189406849.0,sh
317,2016-04-22,2933.03,2959.24,2960.21,2926.78,137211668.0,sh
318,2016-04-25,2949.97,2946.67,2954.09,2917.02,125856243.0,sh
319,2016-04-26,2944.72,2964.7,2965.43,2933.97,117711604.0,sh
320,2016-04-27,2967.19,2953.67,2976.02,2949.43,130867640.0,sh
321,2016-04-28,2955.74,2945.59,2959.51,2916.37,138663274.0,sh
322,2016-04-29,2935.38,2938.32,2950.58,2930.36,109310628.0,sh
323,2016-05-03,2940.39,2992.64,2993.53,2929.81,168703643.0,sh
324,2016-05-04,2983.03,2991.27,3004.42,2978.33,165407106.0,sh
325,2016-05-05,2987.02,2997.84,2999.12,2977.2,144831383.0,sh
326,2016-05-06,2998.4,2913.25,3003.59,2913.04,206796498.0,sh
327,2016-05-09,2896.16,2832.11,2896.16,2821.83,180378330.0,sh
328,2016-05-10,2822.33,2832.59,2845.24,2820.16,120829310.0,sh
329,2016-05-11,2843.54,2837.04,2857.25,2818.7,135795466.0,sh
330,2016-05-12,2812.11,2835.86,2839.28,2781.24,136337655.0,sh
331,2016-05-13,2828.46,2827.11,2850.09,2814.11,114319710.0,sh
332,2016-05-16,2816.78,2850.86,2851.23,2804.99,114653592.0,sh
333,2016-05-17,2850.93,2843.68,2860.32,2832.46,123369064.0,sh
334,2016-05-18,2828.18,2807.51,2828.26,2781.42,140487826.0,sh
335,2016-05-19,2802.31,2806.91,2829.4,2801.55,111595071.0,sh
336,2016-05-20,2792.89,2825.48,2825.95,2785.08,108700899.0,sh
337,2016-05-23,2826.31,2843.65,2848.07,2826.26,120470455.0,sh
338,2016-05-24,2839.68,2821.67,2839.7,2807.19,111452445.0,sh
339,2016-05-25,2835.03,2815.09,2843.17,2807.75,103527265.0,sh
340,2016-05-26,2813.54,2822.44,2827.09,2780.76,114766797.0,sh
341,2016-05-27,2817.97,2821.05,2832.8,2809.8,109845823.0,sh
342,2016-05-30,2814.65,2822.45,2830.97,2794.66,106319589.0,sh
343,2016-05-31,2822.59,2916.62,2917.14,2822.59,215260341.0,sh
344,2016-06-01,2917.15,2913.51,2929.08,2909.51,188386421.0,sh
345,2016-06-02,2911.22,2925.23,2925.67,2906.52,159716916.0,sh
346,2016-06-03,2929.79,2938.68,2945.52,2915.19,172021023.0,sh
347,2016-06-06,2940.99,2934.1,2945.94,2922.28,141993742.0,sh
348,2016-06-07,2936.28,2936.04,2938.44,2923.5,132987867.0,sh
349,2016-06-08,2932.38,2927.16,2937.99,2908.37,143046071.0,sh
350,2016-06-13,2897.27,2833.07,2911.16,2832.51,169255434.0,sh
351,2016-06-14,2824.23,2842.19,2843.46,2822.06,119755274.0,sh
352,2016-06-15,2814.69,2887.21,2894.26,2811.78,166671069.0,sh
353,2016-06-16,2878.4,2872.82,2887.74,2865.39,173882767.0,sh
354,2016-06-17,2873.01,2885.1,2900.3,2872.18,171472517.0,sh
355,2016-06-20,2887.64,2888.81,2891.66,2864.02,136571051.0,sh
356,2016-06-21,2898.38,2878.56,2919.3,2869.18,164359089.0,sh
357,2016-06-22,2872.73,2905.55,2905.98,2869.51,130590424.0,sh
358,2016-06-23,2902.4,2891.96,2904.11,2878.66,136137375.0,sh
359,2016-06-24,2883.76,2854.29,2899.57,2807.6,190842609.0,sh
360,2016-06-27,2840.56,2895.7,2895.73,2840.28,156697472.0,sh
361,2016-06-28,2885.01,2912.56,2913.58,2878.82,173871047.0,sh
362,2016-06-29,2918.53,2931.59,2934.0,2915.06,193215586.0,sh
363,2016-06-30,2931.48,2929.61,2938.14,2922.31,154464930.0,sh
364,2016-07-01,2931.8,2932.48,2944.99,2925.81,141246227.0,sh
365,2016-07-04,2924.29,2988.6,2992.5,2922.52,222017132.0,sh
366,2016-07-05,2991.75,3006.39,3010.27,2990.64,235204450.0,sh
367,2016-07-06,2998.52,3017.29,3017.65,2984.83,212370920.0,sh
368,2016-07-07,3009.35,3016.85,3024.11,2994.64,222681667.0,sh
369,2016-07-08,3000.33,2988.09,3001.55,2983.88,168986859.0,sh
370,2016-07-11,2993.75,2994.92,3022.94,2990.91,224338224.0,sh
371,2016-07-12,2992.52,3049.38,3049.68,2984.42,259486295.0,sh
372,2016-07-13,3049.51,3060.69,3069.05,3048.2,253659384.0,sh
373,2016-07-14,3054.97,3054.02,3057.05,3036.52,180194804.0,sh
374,2016-07-15,3056.68,3054.3,3062.68,3044.54,172866398.0,sh
375,2016-07-18,3047.64,3043.56,3058.32,3031.64,177496562.0,sh
376,2016-07-19,3040.23,3036.6,3043.6,3014.29,155361466.0,sh
377,2016-07-20,3034.71,3027.9,3043.0,3022.63,138242815.0,sh
378,2016-07-21,3027.6,3039.01,3053.33,3027.37,163767370.0,sh
379,2016-07-22,3038.12,3012.82,3039.27,3007.46,162010181.0,sh
380,2016-07-25,3008.09,3015.83,3027.12,3003.29,144206582.0,sh
381,2016-07-26,3014.04,3050.17,3050.61,3013.8,156694506.0,sh
382,2016-07-27,3050.37,2992.0,3057.42,2939.23,280160915.0,sh
383,2016-07-28,2980.5,2994.32,3003.36,2968.18,190564950.0,sh
384,2016-07-29,2992.54,2979.34,3000.05,2972.92,150101534.0,sh
385,2016-08-01,2971.95,2953.39,2972.88,2931.96,147407763.0,sh
386,2016-08-02,2950.08,2971.28,2971.28,2946.64,115468900.0,sh
387,2016-08-03,2963.21,2978.46,2981.16,2956.79,141141332.0,sh
388,2016-08-04,2976.41,2982.43,2982.86,2958.93,133933301.0,sh
389,2016-08-05,2978.78,2976.7,2991.68,2971.56,141857101.0,sh
390,2016-08-08,2972.62,3004.28,3004.72,2959.05,155729833.0,sh
391,2016-08-09,3001.31,3025.68,3025.91,2998.68,169995446.0,sh
392,2016-08-10,3023.47,3018.75,3033.2,3017.09,164675165.0,sh
393,2016-08-11,3013.68,3002.64,3038.05,3001.17,161879481.0,sh
394,2016-08-12,3000.27,3050.67,3051.05,2999.04,168173657.0,sh
395,2016-08-15,3056.48,3125.2,3137.48,3053.87,297616506.0,sh
396,2016-08-16,3130.53,3110.04,3140.44,3102.07,278328934.0,sh
397,2016-08-17,3106.99,3109.55,3114.25,3090.28,213839637.0,sh
398,2016-08-18,3107.75,3104.11,3125.58,3093.32,229359081.0,sh
399,2016-08-19,3100.39,3108.1,3113.34,3082.77,194347453.0,sh
400,2016-08-22,3107.38,3084.81,3112.74,3083.59,185387927.0,sh
401,2016-08-23,3081.57,3089.71,3101.11,3073.53,161368965.0,sh
402,2016-08-24,3092.02,3085.88,3097.15,3079.55,145707440.0,sh
403,2016-08-25,3073.44,3068.33,3073.44,3041.51,174032980.0,sh
404,2016-08-26,3069.85,3070.31,3087.65,3063.89,149663901.0,sh
405,2016-08-29,3068.46,3070.03,3074.94,3058.79,144500007.0,sh
406,2016-08-30,3071.44,3074.68,3082.99,3065.97,140434811.0,sh
407,2016-08-31,3072.92,3085.49,3087.7,3063.4,141368609.0,sh
408,2016-09-01,3083.96,3063.31,3088.7,3062.88,155191093.0,sh
409,2016-09-02,3057.49,3067.35,3072.53,3050.49,150446920.0,sh
410,2016-09-05,3070.71,3072.1,3085.49,3065.33,144963317.0,sh
411,2016-09-06,3071.06,3090.71,3095.51,3053.19,172908524.0,sh
412,2016-09-07,3091.33,3091.93,3105.68,3087.88,186956763.0,sh
413,2016-09-08,3089.95,3095.95,3096.78,3083.9,145883771.0,sh
414,2016-09-09,3095.43,3078.85,3101.79,3078.22,160692924.0,sh
415,2016-09-12,3037.51,3021.98,3040.95,2999.93,206012086.0,sh
416,2016-09-13,3025.03,3023.51,3029.72,3008.74,135387580.0,sh
417,2016-09-14,3008.9,3002.85,3017.94,2995.42,133413401.0,sh
418,2016-09-19,3005.32,3026.05,3026.65,3005.32,119225027.0,sh
419,2016-09-20,3027.17,3023.0,3027.82,3015.88,118924117.0,sh
420,2016-09-21,3021.58,3025.87,3032.45,3017.54,115721213.0,sh
421,2016-09-22,3038.42,3042.31,3054.44,3035.07,139309554.0,sh
422,2016-09-23,3044.79,3033.9,3046.8,3032.8,125590976.0,sh
423,2016-09-26,3028.24,2980.43,3028.24,2980.12,144330286.0,sh
424,2016-09-27,2974.59,2998.17,2998.23,2969.13,121701450.0,sh
425,2016-09-28,3000.7,2987.86,3000.7,2984.32,104625697.0,sh
426,2016-09-29,2992.17,2998.48,3009.2,2991.91,113213919.0,sh
427,2016-09-30,2994.25,3004.7,3009.2,2993.06,101333562.0,sh
428,2016-10-10,3020.46,3048.14,3048.24,3014.62,160051104.0,sh
429,2016-10-11,3051.62,3065.25,3066.1,3048.02,167273496.0,sh
430,2016-10-12,3057.32,3058.5,3060.51,3048.89,142493577.0,sh
431,2016-10-13,3057.97,3061.35,3065.0,3052.64,154756725.0,sh
432,2016-10-14,3056.99,3063.81,3064.79,3043.18,155373705.0,sh
433,2016-10-17,3064.69,3041.17,3068.81,3033.75,163733265.0,sh
434,2016-10-18,3037.4,3083.88,3084.19,3037.4,182042460.0,sh
435,2016-10-19,3085.75,3084.72,3096.22,3076.77,182470143.0,sh
436,2016-10-20,3084.91,3084.46,3089.68,3076.29,160691364.0,sh
437,2016-10-21,3081.39,3090.94,3101.85,3069.27,187388072.0,sh
438,2016-10-24,3092.05,3128.25,3137.03,3090.79,240522349.0,sh
439,2016-10-25,3127.97,3131.94,3132.5,3121.05,203380898.0,sh
440,2016-10-26,3129.84,3116.31,3129.84,3110.39,191663263.0,sh
441,2016-10-27,3112.6,3112.35,3114.76,3100.39,158008789.0,sh
442,2016-10-28,3111.7,3104.27,3128.64,3101.24,181774123.0,sh
443,2016-10-31,3097.19,3100.49,3102.3,3081.07,151506764.0,sh
444,2016-11-01,3101.66,3122.44,3122.61,3097.04,160232032.0,sh
445,2016-11-02,3115.73,3102.73,3118.98,3099.82,182722067.0,sh
446,2016-11-03,3096.76,3128.94,3140.93,3094.1,222986260.0,sh
447,2016-11-04,3126.35,3125.32,3141.33,3119.54,197683197.0,sh
448,2016-11-07,3124.89,3133.33,3139.2,3117.1,179418490.0,sh
449,2016-11-08,3140.94,3147.89,3156.88,3134.95,190846979.0,sh
450,2016-11-09,3146.08,3128.37,3146.95,3096.95,241114958.0,sh
451,2016-11-10,3148.54,3171.28,3172.31,3148.54,244192602.0,sh
452,2016-11-11,3169.4,3196.04,3202.74,3166.07,310854579.0,sh
453,2016-11-14,3187.71,3210.37,3221.46,3186.8,329608313.0,sh
454,2016-11-15,3209.95,3206.99,3214.29,3195.04,240886350.0,sh
455,2016-11-16,3208.5,3205.06,3210.89,3195.41,221766993.0,sh
456,2016-11-17,3198.5,3208.45,3211.05,3187.21,214206240.0,sh
457,2016-11-18,3207.19,3192.86,3212.39,3187.5,209826639.0,sh
458,2016-11-21,3188.5,3218.15,3229.76,3188.28,230652844.0,sh
459,2016-11-22,3220.98,3248.35,3249.68,3220.98,261631547.0,sh
460,2016-11-23,3247.94,3241.14,3262.88,3231.59,249959592.0,sh
461,2016-11-24,3237.43,3241.74,3257.86,3232.87,232324527.0,sh
462,2016-11-25,3241.24,3261.94,3262.44,3209.6,233921601.0,sh
463,2016-11-28,3270.05,3277.0,3288.34,3267.67,281551253.0,sh
464,2016-11-29,3269.23,3282.92,3301.21,3263.4,320836287.0,sh
465,2016-11-30,3272.14,3250.03,3277.27,3239.52,243576053.0,sh
466,2016-12-01,3257.03,3273.31,3279.67,3256.26,237759864.0,sh
467,2016-12-02,3270.12,3243.84,3279.71,3235.28,259567205.0,sh
468,2016-12-05,3203.78,3204.71,3219.52,3194.88,223010394.0,sh
469,2016-12-06,3202.03,3199.65,3215.31,3196.52,157572693.0,sh
470,2016-12-07,3198.47,3222.24,3222.43,3189.49,169072847.0,sh
471,2016-12-08,3225.55,3215.37,3228.12,3211.47,170710173.0,sh
472,2016-12-09,3209.34,3232.88,3244.8,3207.04,204023956.0,sh
473,2016-12-12,3233.67,3152.97,3245.09,3149.9,274708461.0,sh
474,2016-12-13,3138.99,3155.04,3162.5,3118.71,185164495.0,sh
475,2016-12-14,3149.38,3140.53,3170.02,3136.35,201358887.0,sh
476,2016-12-15,3125.76,3117.68,3138.78,3100.91,189990626.0,sh
477,2016-12-16,3111.51,3122.98,3128.87,3106.35,164988699.0,sh
478,2016-12-19,3120.7,3118.08,3125.28,3110.08,154169716.0,sh
479,2016-12-20,3115.9,3102.88,3117.01,3084.8,157426759.0,sh
480,2016-12-21,3107.24,3137.43,3140.25,3107.24,186706607.0,sh
481,2016-12-22,3132.16,3139.56,3143.17,3126.89,167804990.0,sh
482,2016-12-23,3134.93,3110.15,3138.4,3103.75,166176769.0,sh
483,2016-12-26,3095.58,3122.57,3122.88,3068.42,152571881.0,sh
484,2016-12-27,3117.39,3114.66,3127.88,3113.75,141528939.0,sh
485,2016-12-28,3113.77,3102.24,3118.78,3094.55,135727087.0,sh
486,2016-12-29,3095.84,3096.1,3111.8,3087.34,132623292.0,sh
487,2016-12-30,3097.35,3103.64,3108.84,3089.99,133267130.0,sh
488,2017-01-03,3105.31,3135.92,3136.46,3105.31,141567187.0,sh
489,2017-01-04,3133.79,3158.79,3160.1,3130.11,167860850.0,sh
490,2017-01-05,3157.91,3165.41,3168.5,3154.28,174727645.0,sh
491,2017-01-06,3163.78,3154.32,3172.03,3153.03,183708966.0,sh
492,2017-01-09,3148.53,3171.24,3173.14,3147.74,171714075.0,sh
493,2017-01-10,3167.57,3161.67,3174.58,3157.33,179759216.0,sh
494,2017-01-11,3156.69,3136.75,3167.03,3136.27,178362221.0,sh
495,2017-01-12,3133.6,3119.29,3144.97,3115.98,148889240.0,sh
496,2017-01-13,3116.08,3112.76,3130.51,3102.16,156274214.0,sh
497,2017-01-16,3104.49,3103.43,3105.14,3044.29,257885996.0,sh
498,2017-01-17,3087.03,3108.77,3108.91,3072.34,136157861.0,sh
499,2017-01-18,3104.77,3113.01,3123.72,3098.59,131780128.0,sh
500,2017-01-19,3104.97,3101.3,3115.78,3094.01,123851420.0,sh
501,2017-01-20,3095.82,3123.14,3125.66,3095.21,122366777.0,sh
502,2017-01-23,3125.42,3136.77,3145.84,3125.42,132660392.0,sh
503,2017-01-24,3134.59,3142.55,3149.53,3131.22,125973881.0,sh
504,2017-01-25,3137.65,3149.55,3151.47,3133.19,112073827.0,sh
505,2017-01-26,3149.22,3159.17,3163.1,3148.91,113876772.0,sh
506,2017-02-03,3160.08,3140.17,3162.68,3136.01,92224736.0,sh
507,2017-02-06,3143.09,3156.98,3158.84,3135.39,127198283.0,sh
508,2017-02-07,3154.4,3153.09,3159.54,3140.04,128337442.0,sh
509,2017-02-08,3148.09,3166.98,3167.45,3132.03,144920187.0,sh
510,2017-02-09,3164.69,3183.18,3186.84,3162.57,191640327.0,sh
511,2017-02-10,3183.01,3196.7,3205.05,3182.8,239348913.0,sh
512,2017-02-13,3198.99,3216.84,3219.41,3198.99,220191508.0,sh
513,2017-02-14,3216.14,3217.93,3219.4,3205.29,188798088.0,sh
514,2017-02-15,3215.46,3212.99,3236.0,3206.56,241507706.0,sh
515,2017-02-16,3210.36,3229.62,3230.28,3207.79,216955942.0,sh
516,2017-02-17,3227.71,3202.08,3238.4,3199.42,226228177.0,sh
517,2017-02-20,3198.96,3239.96,3241.46,3198.96,232152096.0,sh
518,2017-02-21,3242.22,3253.33,3254.34,3239.88,211673066.0,sh
519,2017-02-22,3252.69,3261.22,3261.38,3243.84,207453776.0,sh
520,2017-02-23,3258.83,3251.38,3264.08,3236.35,209179800.0,sh
521,2017-02-24,3246.86,3253.43,3253.96,3233.53,186406362.0,sh
522,2017-02-27,3249.19,3228.66,3251.65,3224.09,182581071.0,sh
523,2017-02-28,3225.97,3241.73,3242.68,3225.97,151244318.0,sh
524,2017-03-01,3240.07,3246.93,3259.98,3237.87,190677550.0,sh
525,2017-03-02,3250.52,3230.03,3256.81,3228.66,181215076.0,sh
526,2017-03-03,3219.2,3218.31,3221.16,3206.61,157082368.0,sh
527,2017-03-06,3217.33,3233.87,3234.66,3215.07,156092158.0,sh
528,2017-03-07,3233.09,3242.41,3242.66,3226.82,164064235.0,sh
529,2017-03-08,3240.53,3240.66,3245.3,3230.61,160731388.0,sh
530,2017-03-09,3233.7,3216.75,3233.88,3205.28,167371108.0,sh
531,2017-03-10,3213.73,3212.76,3222.32,3208.45,136672743.0,sh
532,2017-03-13,3209.45,3237.02,3237.12,3193.16,163673760.0,sh
533,2017-03-14,3235.25,3239.33,3246.33,3231.52,146946022.0,sh
534,2017-03-15,3235.4,3241.76,3243.71,3227.74,144055682.0,sh
535,2017-03-16,3247.16,3268.94,3269.77,3247.16,189416002.0,sh
536,2017-03-17,3271.87,3237.45,3274.19,3232.28,200583223.0,sh
537,2017-03-20,3241.11,3250.81,3251.13,3228.12,170548430.0,sh
538,2017-03-21,3250.25,3261.61,3262.22,3246.7,162719306.0,sh
539,2017-03-22,3246.22,3245.22,3255.78,3229.13,189731649.0,sh
540,2017-03-23,3245.81,3248.55,3262.09,3221.93,193029144.0,sh
541,2017-03-24,3247.35,3269.45,3275.21,3241.12,219777914.0,sh
542,2017-03-27,3268.92,3266.96,3283.24,3262.12,201852675.0,sh
543,2017-03-28,3265.63,3252.95,3265.63,3246.09,161710013.0,sh
544,2017-03-29,3252.87,3241.31,3262.1,3233.28,216105575.0,sh
545,2017-03-30,3235.14,3210.24,3240.02,3195.85,247135479.0,sh
546,2017-03-31,3206.25,3222.51,3226.25,3205.54,196442922.0,sh
547,2017-04-05,3235.66,3270.31,3270.65,3233.24,248320202.0,sh
548,2017-04-06,3272.19,3281.0,3286.67,3265.76,245287999.0,sh
549,2017-04-07,3280.62,3286.62,3295.19,3275.05,236108942.0,sh
550,2017-04-10,3285.46,3269.39,3285.46,3265.01,232694616.0,sh
551,2017-04-11,3266.22,3288.97,3290.39,3244.4,281281248.0,sh
552,2017-04-12,3283.84,3273.83,3284.93,3262.28,269381790.0,sh
553,2017-04-13,3265.22,3275.96,3281.14,3261.49,207346875.0,sh
554,2017-04-14,3276.14,3246.07,3276.71,3238.9,214508558.0,sh
555,2017-04-17,3229.95,3222.17,3229.95,3199.91,212737189.0,sh
556,2017-04-18,3215.4,3196.71,3225.05,3196.49,188661353.0,sh
557,2017-04-19,3184.67,3170.69,3189.44,3147.07,213238075.0,sh
558,2017-04-20,3165.67,3172.1,3178.18,3148.18,190873985.0,sh
559,2017-04-21,3170.29,3173.15,3180.79,3158.63,164761740.0,sh
560,2017-04-24,3164.25,3129.53,3164.25,3111.21,186277434.0,sh
561,2017-04-25,3123.89,3134.57,3145.27,3117.45,153418307.0,sh
562,2017-04-26,3132.92,3140.85,3152.95,3131.42,169878107.0,sh
563,2017-04-27,3131.35,3152.19,3155.0,3097.33,211793073.0,sh
564,2017-04-28,3144.02,3154.66,3154.73,3136.58,162889899.0,sh
565,2017-05-02,3147.23,3143.71,3154.78,3136.54,154222962.0,sh
566,2017-05-03,3138.31,3135.35,3148.29,3123.75,163763924.0,sh
567,2017-05-04,3127.11,3127.37,3143.82,3111.39,177967485.0,sh
568,2017-05-05,3114.77,3103.04,3117.61,3092.09,176213641.0,sh
569,2017-05-08,3090.07,3078.61,3093.45,3067.69,180526904.0,sh
570,2017-05-09,3064.85,3080.53,3084.21,3056.56,135066674.0,sh
571,2017-05-10,3078.17,3052.78,3090.82,3051.59,160794452.0,sh
572,2017-05-11,3036.79,3061.5,3063.56,3016.53,191341901.0,sh
573,2017-05-12,3054.11,3083.51,3090.49,3051.87,159684099.0,sh
574,2017-05-15,3085.93,3090.23,3098.91,3085.93,135660728.0,sh
575,2017-05-16,3082.87,3112.96,3113.51,3060.53,173775564.0,sh
576,2017-05-17,3107.8,3104.44,3119.58,3101.3,168674158.0,sh
577,2017-05-18,3082.33,3090.14,3103.44,3077.96,148620035.0,sh
578,2017-05-19,3086.71,3090.63,3095.48,3081.28,129635230.0,sh
579,2017-05-22,3087.17,3075.68,3103.94,3063.15,153683730.0,sh
580,2017-05-23,3069.39,3061.95,3084.24,3050.84,178310599.0,sh
581,2017-05-24,3047.57,3064.08,3064.81,3022.3,139813353.0,sh
582,2017-05-25,3055.34,3107.83,3114.66,3052.83,191391841.0,sh
583,2017-05-26,3101.29,3110.06,3120.66,3100.39,155923486.0,sh
584,2017-05-31,3125.33,3117.18,3143.28,3111.56,152950430.0,sh
585,2017-06-01,3108.42,3102.62,3113.52,3097.68,163015719.0,sh
586,2017-06-02,3094.23,3105.54,3110.39,3081.85,142504925.0,sh
587,2017-06-05,3102.11,3091.66,3105.51,3084.83,132570300.0,sh
588,2017-06-06,3084.54,3102.13,3102.86,3078.79,113439963.0,sh
589,2017-06-07,3101.76,3140.32,3140.77,3098.95,173229014.0,sh
590,2017-06-08,3136.47,3150.33,3153.26,3132.83,152277659.0,sh
591,2017-06-09,3147.45,3158.4,3165.92,3146.11,160136334.0,sh
592,2017-06-12,3149.53,3139.88,3164.95,3135.31,146729425.0,sh
593,2017-06-13,3134.01,3153.74,3155.99,3131.04,128318279.0,sh
594,2017-06-14,3146.75,3130.67,3149.17,3125.35,138347042.0,sh
595,2017-06-15,3125.59,3132.49,3137.59,3117.08,146954245.0,sh
596,2017-06-16,3126.37,3123.17,3134.25,3117.86,129652758.0,sh
597,2017-06-19,3122.16,3144.37,3146.77,3121.78,134891758.0,sh
598,2017-06-20,3148.02,3140.01,3150.46,3134.61,141191802.0,sh
599,2017-06-21,3148.99,3156.21,3157.03,3132.62,136688268.0,sh
600,2017-06-22,3152.24,3147.45,3186.98,3146.64,191344006.0,sh
601,2017-06-23,3138.44,3157.87,3158.05,3118.09,154843648.0,sh
602,2017-06-26,3157.0,3185.44,3187.89,3156.98,173579211.0,sh
603,2017-06-27,3183.42,3191.2,3193.46,3172.46,148201198.0,sh
604,2017-06-28,3183.63,3173.2,3193.44,3170.79,146516720.0,sh
605,2017-06-29,3174.98,3188.06,3188.77,3174.28,128755470.0,sh
606,2017-06-30,3176.95,3192.43,3193.24,3171.57,121464543.0,sh
607,2017-07-03,3192.0,3195.91,3196.29,3177.02,140305717.0,sh
608,2017-07-04,3192.89,3182.8,3193.06,3174.31,141114967.0,sh
609,2017-07-05,3179.22,3207.13,3207.31,3174.71,148296483.0,sh
610,2017-07-06,3203.86,3212.44,3215.95,3188.77,175809287.0,sh
611,2017-07-07,3203.82,3217.96,3219.52,3195.29,176715416.0,sh
612,2017-07-10,3208.46,3212.63,3223.34,3203.21,198928010.0,sh
613,2017-07-11,3201.52,3203.04,3226.91,3199.22,187837262.0,sh
614,2017-07-12,3201.93,3197.54,3215.2,3177.93,186900880.0,sh
615,2017-07-13,3192.36,3218.16,3219.27,3190.34,195303611.0,sh
616,2017-07-14,3212.03,3222.42,3222.98,3204.85,160126773.0,sh
617,2017-07-17,3219.79,3176.46,3230.35,3139.5,266205274.0,sh
618,2017-07-18,3159.73,3187.57,3187.67,3150.13,190623060.0,sh
619,2017-07-19,3181.4,3230.98,3232.94,3179.73,272420726.0,sh
620,2017-07-20,3227.51,3244.86,3246.24,3225.43,232108392.0,sh
621,2017-07-21,3236.59,3237.98,3247.71,3231.96,206003251.0,sh
622,2017-07-24,3230.9,3250.6,3261.1,3230.07,233056399.0,sh
623,2017-07-25,3249.14,3243.69,3261.65,3233.14,205573873.0,sh
624,2017-07-26,3244.46,3247.67,3264.85,3228.04,213542005.0,sh
625,2017-07-27,3243.76,3249.78,3251.93,3220.64,228485945.0,sh
626,2017-07-28,3240.17,3253.24,3256.37,3232.96,182226880.0,sh
627,2017-07-31,3252.75,3273.03,3276.95,3251.19,246039440.0,sh
628,2017-08-01,3274.37,3292.64,3292.64,3273.5,237194594.0,sh
629,2017-08-02,3288.52,3285.06,3305.43,3282.04,266730628.0,sh
630,2017-08-03,3279.99,3272.93,3293.37,3262.16,233277004.0,sh
631,2017-08-04,3269.32,3262.08,3287.19,3261.31,275906340.0,sh
632,2017-08-07,3257.67,3279.46,3280.1,3243.72,231173379.0,sh
633,2017-08-08,3277.19,3281.87,3285.48,3269.66,252043537.0,sh
634,2017-08-09,3277.81,3275.57,3277.94,3263.85,235597907.0,sh
635,2017-08-10,3269.73,3261.75,3282.52,3236.18,240684622.0,sh
636,2017-08-11,3237.92,3208.54,3245.12,3200.75,262962995.0,sh
637,2017-08-14,3206.04,3237.36,3240.05,3206.04,190346796.0,sh
638,2017-08-15,3235.23,3251.26,3263.59,3235.1,182297997.0,sh
639,2017-08-16,3247.85,3246.45,3248.78,3228.87,176852051.0,sh
640,2017-08-17,3253.85,3268.43,3269.14,3251.46,203622551.0,sh
641,2017-08-18,3253.24,3268.72,3275.08,3248.08,191122483.0,sh
642,2017-08-21,3274.58,3286.91,3287.52,3270.48,186122483.0,sh
643,2017-08-22,3287.61,3290.23,3293.48,3274.94,186537991.0,sh
644,2017-08-23,3283.8,3287.7,3299.46,3274.44,179832208.0,sh
645,2017-08-24,3287.96,3271.51,3297.99,3266.36,163468937.0,sh
646,2017-08-25,3271.46,3331.52,3331.91,3271.46,205839482.0,sh
647,2017-08-28,3336.13,3362.65,3375.03,3336.13,257461438.0,sh
648,2017-08-29,3362.06,3365.23,3374.59,3354.46,219504535.0,sh
649,2017-08-30,3361.82,3363.63,3376.65,3357.08,246863312.0,sh
650,2017-08-31,3361.46,3360.81,3367.36,3340.69,234419781.0,sh
651,2017-09-01,3365.99,3367.12,3381.93,3358.47,282497584.0,sh
652,2017-09-04,3369.72,3379.58,3381.4,3359.13,267427849.0,sh
653,2017-09-05,3377.2,3384.32,3390.82,3371.57,216552946.0,sh
654,2017-09-06,3372.43,3385.39,3391.01,3364.76,229090785.0,sh
655,2017-09-07,3383.63,3365.5,3387.8,3363.18,221118685.0,sh
656,2017-09-08,3364.43,3365.24,3380.89,3353.69,198405184.0,sh
657,2017-09-11,3365.35,3376.42,3384.81,3360.05,219011019.0,sh
658,2017-09-12,3381.49,3379.49,3391.07,3370.85,272910319.0,sh
659,2017-09-13,3374.72,3384.15,3387.14,3366.54,194550715.0,sh
660,2017-09-14,3383.47,3371.43,3391.64,3361.33,221306487.0,sh
661,2017-09-15,3365.15,3353.62,3365.53,3345.33,219765816.0,sh
662,2017-09-18,3352.51,3362.86,3371.75,3352.51,190319676.0,sh
663,2017-09-19,3365.53,3356.84,3370.4,3344.71,191129691.0,sh
664,2017-09-20,3352.18,3366.0,3370.1,3346.54,192196661.0,sh
665,2017-09-21,3364.7,3357.81,3377.88,3356.88,197448695.0,sh
666,2017-09-22,3347.16,3352.53,3356.45,3334.98,179234007.0,sh
667,2017-09-25,3344.59,3341.55,3350.96,3334.94,169621293.0,sh
668,2017-09-26,3336.35,3343.58,3347.16,3332.6,132628595.0,sh
669,2017-09-27,3340.82,3345.27,3349.69,3340.3,143086945.0,sh
670,2017-09-28,3343.84,3339.64,3344.6,3336.18,149444300.0,sh
671,2017-09-29,3340.31,3348.94,3357.02,3340.31,144862443.0,sh
672,2017-10-09,3403.25,3374.38,3410.17,3366.97,191736057.0,sh
673,2017-10-10,3373.34,3382.99,3384.03,3358.8,179423841.0,sh
674,2017-10-11,3381.49,3388.28,3395.78,3379.16,181476704.0,sh
675,2017-10-12,3385.53,3386.1,3390.2,3372.53,161809380.0,sh
676,2017-10-13,3384.49,3390.52,3395.75,3383.24,139954764.0,sh
677,2017-10-16,3393.21,3378.47,3400.51,3374.77,174330620.0,sh
678,2017-10-17,3373.23,3372.04,3382.41,3365.56,125381725.0,sh
679,2017-10-18,3373.53,3381.79,3383.23,3371.92,157228791.0,sh
680,2017-10-19,3374.64,3370.17,3378.74,3359.63,158476495.0,sh
681,2017-10-20,3363.51,3378.65,3379.77,3360.1,127172851.0,sh
682,2017-10-23,3382.28,3380.7,3385.29,3374.71,130846289.0,sh
683,2017-10-24,3376.6,3388.25,3388.69,3374.12,139897511.0,sh
684,2017-10-25,3384.86,3396.9,3398.3,3382.03,123131222.0,sh
685,2017-10-26,3397.52,3407.57,3414.24,3391.45,183768625.0,sh
686,2017-10-27,3404.5,3416.81,3421.1,3402.11,170257173.0,sh
687,2017-10-30,3413.87,3390.34,3419.73,3357.28,208349286.0,sh
688,2017-10-31,3381.0,3393.34,3397.1,3376.12,153498206.0,sh
689,2017-11-01,3393.97,3395.91,3410.35,3388.6,180566127.0,sh
690,2017-11-02,3391.65,3383.31,3391.65,3372.21,166864267.0,sh
691,2017-11-03,3377.74,3371.74,3380.57,3347.36,172714790.0,sh
692,2017-11-06,3369.69,3388.17,3389.38,3356.53,154636468.0,sh
693,2017-11-07,3389.47,3413.57,3415.15,3387.95,190571746.0,sh
694,2017-11-08,3409.15,3415.46,3434.49,3404.88,185436470.0,sh
695,2017-11-09,3410.67,3427.79,3428.77,3408.62,158650426.0,sh
696,2017-11-10,3423.18,3432.67,3438.79,3414.33,189276503.0,sh
697,2017-11-13,3435.18,3447.84,3449.16,3435.08,205389054.0,sh
698,2017-11-14,3446.55,3429.55,3450.49,3419.69,196472674.0,sh
699,2017-11-15,3416.21,3402.52,3423.75,3396.38,168792076.0,sh
700,2017-11-16,3393.19,3399.25,3409.65,3390.59,156684332.0,sh
701,2017-11-17,3392.68,3382.91,3403.29,3373.3,249458153.0,sh
702,2017-11-20,3361.36,3392.4,3393.11,3337.12,176524683.0,sh
703,2017-11-21,3382.36,3410.5,3419.8,3377.6,196871803.0,sh
704,2017-11-22,3417.33,3430.46,3442.18,3404.29,213567093.0,sh
705,2017-11-23,3425.01,3351.92,3429.42,3342.33,215265393.0,sh
706,2017-11-24,3340.38,3353.82,3360.75,3328.33,159569663.0,sh
707,2017-11-27,3346.66,3322.23,3347.05,3315.26,166439170.0,sh
708,2017-11-28,3311.23,3333.66,3333.8,3300.78,138247799.0,sh
709,2017-11-29,3335.57,3337.86,3343.06,3305.57,183805932.0,sh
710,2017-11-30,3328.64,3317.19,3340.92,3306.28,156595851.0,sh
711,2017-12-01,3315.1,3317.62,3324.52,3302.44,139198300.0,sh
712,2017-12-04,3310.38,3309.62,3324.0,3304.1,148053288.0,sh
713,2017-12-05,3301.69,3303.68,3315.74,3300.51,208278862.0,sh
714,2017-12-06,3291.31,3293.96,3296.2,3254.61,151604452.0,sh
715,2017-12-07,3283.28,3272.05,3291.28,3259.16,132105900.0,sh
716,2017-12-08,3264.48,3289.99,3297.13,3258.76,133209314.0,sh
717,2017-12-11,3290.49,3322.2,3322.67,3288.29,131965984.0,sh
718,2017-12-12,3320.31,3280.81,3320.31,3280.33,124604827.0,sh
719,2017-12-13,3278.4,3303.04,3304.01,3273.32,111998647.0,sh
720,2017-12-14,3302.93,3292.44,3309.53,3282.57,120544235.0,sh
721,2017-12-15,3287.53,3266.14,3287.53,3259.39,130940618.0,sh
722,2017-12-18,3268.03,3267.92,3280.54,3254.18,120700389.0,sh
723,2017-12-19,3266.02,3296.54,3296.94,3266.02,115140134.0,sh
724,2017-12-20,3296.74,3287.61,3300.21,3276.12,137745118.0,sh
725,2017-12-21,3281.12,3300.06,3309.22,3267.4,142127927.0,sh
726,2017-12-22,3297.69,3297.06,3307.33,3293.44,124047326.0,sh
727,2017-12-25,3296.21,3280.46,3312.3,3270.44,146893635.0,sh
728,2017-12-26,3277.84,3306.12,3307.3,3274.33,142434501.0,sh
729,2017-12-27,3302.46,3275.78,3307.08,3270.35,162674890.0,sh
730,2017-12-28,3272.29,3296.38,3304.1,3263.73,175371670.0,sh
731,2017-12-29,3295.25,3307.17,3308.22,3292.77,141586836.0,sh
732,2018-01-02,3314.03,3348.33,3349.05,3314.03,202278860.0,sh
733,2018-01-03,3347.74,3369.11,3379.92,3345.29,213836149.0,sh
734,2018-01-04,3371.0,3385.71,3392.83,3365.3,206955288.0,sh
735,2018-01-05,3386.46,3391.75,3402.07,3380.25,213060681.0,sh
736,2018-01-08,3391.55,3409.48,3412.73,3384.56,236165106.0,sh
737,2018-01-09,3406.11,3413.9,3417.23,3403.59,191488551.0,sh
738,2018-01-10,3414.11,3421.83,3430.21,3398.84,209094997.0,sh
739,2018-01-11,3415.58,3425.34,3426.48,3405.64,173812133.0,sh
740,2018-01-12,3423.88,3428.94,3435.42,3417.98,174063404.0,sh
741,2018-01-15,3428.95,3410.49,3442.5,3402.31,232009283.0,sh
742,2018-01-16,3403.47,3436.59,3437.58,3401.96,211475468.0,sh
743,2018-01-17,3438.58,3444.67,3465.2,3430.51,261045030.0,sh
744,2018-01-18,3449.88,3474.75,3476.55,3448.79,220039555.0,sh
745,2018-01-19,3481.62,3487.86,3498.43,3474.29,247536733.0,sh
746,2018-01-22,3476.99,3501.36,3503.39,3475.67,217487534.0,sh
747,2018-01-23,3504.34,3546.5,3547.22,3504.34,238705904.0,sh
748,2018-01-24,3553.48,3559.47,3569.49,3527.11,252954496.0,sh
749,2018-01-25,3555.17,3548.31,3571.48,3528.03,243413422.0,sh
750,2018-01-26,3535.49,3558.13,3574.9,3534.2,222698295.0,sh
751,2018-01-29,3563.64,3523.0,3587.03,3510.27,236026965.0,sh
752,2018-01-30,3511.5,3488.01,3523.05,3484.66,186369975.0,sh
753,2018-01-31,3470.51,3480.83,3495.45,3454.73,207253403.0,sh
754,2018-02-01,3478.67,3446.98,3495.09,3424.42,260504707.0,sh
755,2018-02-02,3419.22,3462.08,3463.16,3388.86,208120551.0,sh
756,2018-02-05,3411.67,3487.5,3487.72,3406.24,217673754.0,sh
757,2018-02-06,3418.01,3370.65,3440.12,3364.22,280555477.0,sh
758,2018-02-07,3412.74,3309.26,3425.54,3304.01,260939714.0,sh
759,2018-02-08,3281.05,3262.05,3307.16,3225.71,201262499.0,sh
760,2018-02-09,3172.85,3129.85,3180.11,3062.74,256389176.0,sh
761,2018-02-12,3128.37,3154.13,3168.13,3113.61,153310831.0,sh
762,2018-02-13,3176.11,3184.96,3219.22,3176.11,151527597.0,sh
763,2018-02-14,3188.25,3199.16,3203.5,3171.38,100322827.0,sh
764,2018-02-22,3237.57,3268.56,3269.92,3234.12,138730445.0,sh
765,2018-02-23,3275.43,3289.02,3294.13,3258.49,145790368.0,sh
766,2018-02-26,3307.29,3329.57,3335.99,3281.61,188568602.0,sh
767,2018-02-27,3328.67,3292.07,3328.67,3284.63,174219368.0,sh
768,2018-02-28,3264.06,3259.41,3277.83,3239.84,151043536.0,sh
769,2018-03-01,3235.09,3273.75,3280.15,3228.58,159098320.0,sh
770,2018-03-02,3248.45,3254.53,3269.94,3242.27,150861063.0,sh
771,2018-03-05,3255.87,3256.93,3269.4,3236.72,144835988.0,sh
772,2018-03-06,3266.49,3289.64,3290.25,3243.65,195358046.0,sh
773,2018-03-07,3288.86,3271.67,3308.41,3264.76,168665019.0,sh
774,2018-03-08,3268.35,3288.41,3289.5,3261.55,149827519.0,sh
775,2018-03-09,3291.43,3307.17,3309.72,3283.56,168424509.0,sh
776,2018-03-12,3319.21,3326.7,3333.56,3313.56,206532436.0,sh
777,2018-03-13,3324.12,3310.24,3333.88,3307.38,177114353.0,sh
778,2018-03-14,3298.67,3291.38,3304.98,3287.36,157491085.0,sh
779,2018-03-15,3277.51,3291.11,3297.1,3273.2,148573606.0,sh
780,2018-03-16,3290.21,3269.88,3300.57,3269.28,141203647.0,sh
781,2018-03-19,3264.93,3279.25,3280.57,3251.05,137954980.0,sh
782,2018-03-20,3257.22,3290.64,3292.57,3252.43,139881081.0,sh
783,2018-03-21,3299.73,3280.95,3314.21,3268.88,168398277.0,sh
784,2018-03-22,3281.26,3263.48,3288.8,3242.76,150432977.0,sh
785,2018-03-23,3172.77,3152.76,3188.24,3110.66,275532013.0,sh
786,2018-03-26,3117.32,3133.72,3134.28,3091.46,186366350.0,sh
787,2018-03-27,3164.8,3166.65,3172.78,3143.57,189073383.0,sh
788,2018-03-28,3130.57,3122.29,3165.21,3117.53,163500488.0,sh
789,2018-03-29,3127.26,3160.53,3174.51,3098.25,170312384.0,sh
790,2018-03-30,3161.79,3168.9,3177.72,3152.89,154646596.0,sh
791,2018-04-02,3169.78,3163.18,3192.34,3159.99,177727777.0,sh
792,2018-04-03,3130.01,3136.63,3144.33,3119.13,152216674.0,sh
793,2018-04-04,3147.05,3131.11,3163.34,3128.87,146976682.0,sh
794,2018-04-09,3125.44,3138.29,3146.09,3110.3,139608621.0,sh
795,2018-04-10,3144.26,3190.32,3190.65,3139.08,168201359.0,sh
796,2018-04-11,3197.37,3208.08,3220.85,3191.59,175867197.0,sh
797,2018-04-12,3203.28,3180.16,3205.25,3177.05,148231313.0,sh
798,2018-04-13,3192.04,3159.05,3197.9,3155.51,127552310.0,sh
799,2018-04-16,3152.89,3110.65,3153.11,3096.1,154415695.0,sh
800,2018-04-17,3112.97,3066.8,3118.76,3064.03,147222846.0,sh
801,2018-04-18,3091.91,3091.4,3096.89,3041.62,159290503.0,sh
802,2018-04-19,3094.27,3117.38,3127.44,3090.29,160056805.0,sh
803,2018-04-20,3105.46,3071.54,3111.17,3065.92,155147091.0,sh
804,2018-04-23,3063.44,3068.01,3085.06,3045.94,131686340.0,sh
805,2018-04-24,3069.75,3128.93,3136.04,3069.75,162274806.0,sh
806,2018-04-25,3112.4,3117.97,3122.91,3107.0,127311053.0,sh
807,2018-04-26,3119.5,3075.03,3121.93,3067.93,133972736.0,sh
808,2018-04-27,3082.41,3082.23,3088.03,3049.91,131225643.0,sh
809,2018-05-02,3087.41,3081.18,3097.6,3064.76,134184566.0,sh
810,2018-05-03,3074.52,3100.86,3105.66,3056.16,139985620.0,sh
811,2018-05-04,3093.12,3091.03,3104.09,3086.78,118711265.0,sh
812,2018-05-07,3094.9,3136.64,3136.84,3091.66,138948186.0,sh
813,2018-05-08,3135.3,3161.5,3169.7,3134.06,146927061.0,sh
814,2018-05-09,3160.14,3159.15,3165.37,3145.66,122637268.0,sh
815,2018-05-10,3169.05,3174.41,3176.14,3155.53,133000756.0,sh
816,2018-05-11,3179.8,3163.26,3180.76,3162.21,130659749.0,sh
817,2018-05-14,3167.04,3174.03,3183.82,3163.48,129327353.0,sh
818,2018-05-15,3180.42,3192.12,3192.81,3164.52,124549051.0,sh
819,2018-05-16,3180.23,3169.57,3191.95,3166.81,130524968.0,sh
820,2018-05-17,3170.01,3154.28,3172.77,3148.62,113995567.0,sh
821,2018-05-18,3151.08,3193.3,3193.45,3144.78,136516918.0,sh
822,2018-05-21,3206.18,3213.84,3219.74,3203.34,164459413.0,sh
823,2018-05-22,3211.25,3214.35,3214.59,3192.23,144292684.0,sh
824,2018-05-23,3205.44,3168.96,3205.44,3168.96,157807648.0,sh
825,2018-05-24,3167.94,3154.65,3173.53,3152.07,124085800.0,sh
826,2018-05-25,3148.41,3141.3,3156.73,3131.07,128610843.0,sh
827,2018-05-28,3136.81,3135.08,3149.66,3115.96,128755918.0,sh
828,2018-05-29,3129.62,3120.46,3143.21,3112.15,135717800.0,sh
829,2018-05-30,3081.14,3041.44,3085.4,3041.0,155115126.0,sh
830,2018-05-31,3061.83,3095.47,3098.08,3054.27,140475532.0,sh
831,2018-06-01,3084.75,3075.14,3102.09,3059.79,129872199.0,sh
832,2018-06-04,3083.43,3091.19,3098.4,3076.99,114593902.0,sh
833,2018-06-05,3088.01,3114.21,3114.77,3080.05,118735592.0,sh
834,2018-06-06,3109.17,3115.18,3117.53,3103.53,120196135.0,sh
835,2018-06-07,3121.18,3109.5,3128.72,3105.58,127784970.0,sh
836,2018-06-08,3100.6,3067.15,3100.68,3053.29,134688220.0,sh
837,2018-06-11,3057.34,3052.78,3063.61,3037.91,108563786.0,sh
838,2018-06-12,3053.03,3079.8,3081.45,3034.1,113275096.0,sh
839,2018-06-13,3071.46,3049.8,3071.46,3044.12,119607886.0,sh
840,2018-06-14,3038.07,3044.16,3066.05,3032.41,115469487.0,sh
841,2018-06-15,3037.45,3021.9,3048.8,3008.73,144532571.0,sh
842,2018-06-19,2982.65,2907.82,2984.97,2871.35,230550067.0,sh
843,2018-06-20,2889.98,2915.73,2925.56,2872.16,144301420.0,sh
844,2018-06-21,2912.0,2875.81,2940.59,2872.62,154378332.0,sh
845,2018-06-22,2855.58,2889.76,2891.97,2837.14,126143129.0,sh
846,2018-06-25,2903.45,2859.34,2908.62,2857.87,121917687.0,sh
847,2018-06-26,2829.99,2844.51,2850.24,2803.79,125918468.0,sh
848,2018-06-27,2842.4,2813.18,2854.26,2798.8,129420833.0,sh
849,2018-06-28,2799.9,2786.9,2825.99,2782.45,118357907.0,sh
850,2018-06-29,2789.81,2847.42,2848.37,2782.38,125671685.0,sh
851,2018-07-02,2841.58,2775.56,2845.68,2756.81,137035034.0,sh
852,2018-07-03,2774.57,2786.89,2786.89,2722.45,142498466.0,sh
853,2018-07-04,2776.63,2759.13,2793.18,2754.16,123262181.0,sh
854,2018-07-05,2755.34,2733.88,2777.52,2727.94,129226112.0,sh
855,2018-07-06,2731.35,2747.23,2768.87,2691.02,136294380.0,sh
856,2018-07-09,2752.45,2815.11,2815.79,2752.45,121549309.0,sh
857,2018-07-10,2819.71,2827.63,2828.49,2800.62,117062748.0,sh
858,2018-07-11,2780.7,2777.77,2794.36,2752.44,126821149.0,sh
859,2018-07-12,2771.04,2837.66,2844.19,2771.04,146980200.0,sh
860,2018-07-13,2831.43,2831.18,2835.46,2818.85,117689348.0,sh
861,2018-07-16,2827.08,2814.04,2837.51,2804.49,107767151.0,sh
862,2018-07-17,2806.89,2798.13,2806.92,2774.76,105409220.0,sh
863,2018-07-18,2801.78,2787.26,2818.4,2786.04,120961165.0,sh
864,2018-07-19,2791.02,2772.55,2805.01,2764.49,114486493.0,sh
865,2018-07-20,2769.75,2829.27,2837.86,2753.84,145907688.0,sh
866,2018-07-23,2815.2,2859.54,2863.57,2809.62,173382797.0,sh
867,2018-07-24,2862.27,2905.56,2911.46,2862.27,229578307.0,sh
868,2018-07-25,2911.45,2903.65,2912.31,2894.04,167800207.0,sh
869,2018-07-26,2905.79,2882.23,2915.3,2875.7,168428202.0,sh
870,2018-07-27,2879.69,2873.59,2889.69,2864.11,146371610.0,sh
871,2018-07-30,2871.94,2869.05,2896.01,2850.3,151652249.0,sh
872,2018-07-31,2866.9,2876.4,2884.68,2854.32,118931117.0,sh
873,2018-08-01,2882.51,2824.53,2897.4,2823.93,149514348.0,sh
108,2015-06-15,18182.64,17702.55,18211.76,17668.67,406178348.0,sz
109,2015-06-16,17502.37,17075.93,17502.37,16911.91,353020384.0,sz
110,2015-06-17,17073.08,17405.57,17474.08,16564.37,312419167.0,sz
111,2015-06-18,17367.13,16734.84,17442.77,16709.6,289059707.0,sz
112,2015-06-19,16386.98,15725.47,16578.88,15700.49,289646424.0,sz
113,2015-06-23,15720.32,16045.99,16047.32,14938.82,292927731.0,sz
114,2015-06-24,16178.55,16312.31,16345.75,15867.91,332173442.0,sz
115,2015-06-25,16370.0,15692.44,16399.34,15499.22,331715691.0,sz
116,2015-06-26,15196.56,14398.79,15229.0,14321.05,294665860.0,sz
117,2015-06-29,14703.97,13566.27,14712.16,13250.35,358946932.0,sz
118,2015-06-30,13274.64,14337.96,14352.05,12723.16,399540089.0,sz
119,2015-07-01,14185.1,13650.82,14696.98,13578.38,348742096.0,sz
120,2015-07-02,13655.73,12924.19,13732.49,12727.23,320735082.0,sz
121,2015-07-03,12475.61,12246.06,13154.13,11953.08,315536177.0,sz
122,2015-07-06,13140.14,12075.77,13140.14,11584.47,396337977.0,sz
123,2015-07-07,11660.56,11375.6,11767.66,11282.62,227324024.0,sz
124,2015-07-08,10870.14,11040.89,11112.62,10850.38,307328584.0,sz
125,2015-07-09,10953.33,11510.34,11513.36,10933.0,207454532.0,sz
126,2015-07-10,11733.45,12038.14,12062.9,11696.77,158915229.0,sz
127,2015-07-13,12367.62,12614.16,12658.07,12261.25,233849125.0,sz
128,2015-07-14,12796.49,12728.51,13091.93,12635.2,285635144.0,sz
129,2015-07-15,12783.08,12132.42,12792.31,12093.9,345295414.0,sz
130,2015-07-16,11963.35,12357.61,12600.65,11637.47,324294156.0,sz
131,2015-07-17,12460.51,13004.96,13097.45,12435.59,307007633.0,sz
132,2015-07-20,13115.48,13202.39,13427.86,12942.95,358165176.0,sz
133,2015-07-21,13038.15,13315.56,13436.91,12928.13,312415716.0,sz
134,2015-07-22,13307.93,13416.54,13482.04,13098.8,334908918.0,sz
135,2015-07-23,13432.61,13754.53,13792.37,13356.05,367043495.0,sz
136,2015-07-24,13789.31,13518.51,13970.84,13424.18,400855945.0,sz
137,2015-07-27,13242.69,12493.05,13579.64,12488.37,364439025.0,sz
138,2015-07-28,11986.25,12316.78,12676.27,11719.0,374311038.0,sz
139,2015-07-29,12472.28,12823.07,12823.15,12078.32,296488758.0,sz
140,2015-07-30,12766.34,12395.92,12988.55,12382.3,299458538.0,sz
141,2015-07-31,12228.41,12374.25,12580.96,12213.46,235191524.0,sz
142,2015-08-03,12178.57,12161.58,12305.61,11909.0,243737069.0,sz
143,2015-08-04,12163.12,12711.56,12711.56,12105.94,261600708.0,sz
144,2015-08-05,12694.57,12524.69,12842.31,12447.04,271150796.0,sz
145,2015-08-06,12274.72,12421.85,12595.12,12231.89,202229163.0,sz
146,2015-08-07,12543.66,12753.05,12769.13,12522.47,251888055.0,sz
147,2015-08-10,12877.31,13302.96,13373.3,12821.89,323080729.0,sz
148,2015-08-11,13316.89,13323.08,13508.3,13240.09,351829896.0,sz
149,2015-08-12,13201.54,13117.1,13396.33,13117.1,285113797.0,sz
150,2015-08-13,13069.98,13395.18,13395.18,12962.0,287062466.0,sz
151,2015-08-14,13497.16,13445.87,13606.33,13378.59,326795175.0,sz
152,2015-08-17,13417.33,13573.9,13585.96,13309.54,326809217.0,sz
153,2015-08-18,13608.52,12683.86,13652.54,12634.95,389034910.0,sz
154,2015-08-19,12328.6,12960.66,13028.5,12049.92,331748528.0,sz
155,2015-08-20,12864.83,12584.58,13040.36,12582.24,283755729.0,sz
156,2015-08-21,12355.27,11902.05,12511.42,11891.84,260160790.0,sz
157,2015-08-24,11399.66,10970.29,11446.1,10964.09,193829365.0,sz
158,2015-08-25,10212.47,10197.94,10529.92,10168.42,218746759.0,sz
159,2015-08-26,10199.9,9899.72,10559.24,9776.21,326727168.0,sz
160,2015-08-27,10076.09,10254.35,10254.35,9713.99,271961859.0,sz
161,2015-08-28,10397.97,10800.0,10826.19,10311.37,315988588.0,sz
162,2015-08-31,10706.23,10549.16,10706.23,10398.33,266702560.0,sz
163,2015-09-01,10388.5,10162.52,10388.5,9954.58,246291453.0,sz
164,2015-09-02,9694.48,10054.8,10319.49,9682.71,259173723.0,sz
165,2015-09-07,10121.83,9991.76,10404.22,9933.54,228540561.0,sz
166,2015-09-08,9898.63,10320.23,10341.3,9763.95,200427441.0,sz
167,2015-09-09,10367.35,10620.13,10702.18,10335.02,311925932.0,sz
168,2015-09-10,10449.93,10424.65,10618.87,10406.02,225314180.0,sz
169,2015-09-11,10408.41,10463.69,10555.62,10332.41,190465092.0,sz
170,2015-09-14,10517.68,9778.23,10544.28,9739.42,240882715.0,sz
171,2015-09-15,9533.45,9290.81,9719.66,9259.65,198214440.0,sz
172,2015-09-16,9330.75,9890.43,9933.83,9297.2,234801012.0,sz
173,2015-09-17,9872.04,9739.89,10147.17,9739.89,273715615.0,sz
174,2015-09-18,9806.72,9850.77,9914.58,9691.06,187680991.0,sz
175,2015-09-21,9732.12,10176.73,10176.73,9701.33,227167861.0,sz
176,2015-09-22,10200.55,10238.69,10357.42,10121.74,263897884.0,sz
177,2015-09-23,10071.33,10132.29,10250.45,10040.95,231844020.0,sz
178,2015-09-24,10178.1,10238.04,10288.18,10124.13,221491609.0,sz
179,2015-09-25,10184.88,9904.76,10249.24,9835.84,226740120.0,sz
180,2015-09-28,9919.56,10115.55,10124.31,9796.93,164021031.0,sz
181,2015-09-29,9962.58,9949.92,10070.25,9873.78,174480893.0,sz
182,2015-09-30,10004.79,9988.25,10048.86,9890.71,149803844.0,sz
183,2015-10-08,10332.24,10394.73,10477.21,10265.0,230687958.0,sz
184,2015-10-09,10386.81,10540.19,10589.52,10363.98,241885578.0,sz
185,2015-10-12,10599.88,10961.36,11069.68,10593.54,341342676.0,sz
186,2015-10-13,10885.11,11042.13,11073.0,10850.72,295156225.0,sz
187,2015-10-14,10997.08,10901.48,11095.34,10880.11,296102786.0,sz
188,2015-10-15,10862.11,11229.38,11229.38,10862.11,308490268.0,sz
189,2015-10-16,11301.93,11374.83,11384.24,11172.04,357297284.0,sz
190,2015-10-19,11426.52,11391.01,11498.24,11245.01,354363159.0,sz
191,2015-10-20,11372.18,11597.08,11597.16,11335.78,328949420.0,sz
192,2015-10-21,11592.2,10915.99,11641.89,10872.57,421745957.0,sz
193,2015-10-22,10921.18,11305.1,11320.01,10910.88,326831309.0,sz
194,2015-10-23,11397.2,11603.46,11653.09,11345.53,378978830.0,sz
195,2015-10-26,11765.65,11687.77,11789.02,11534.83,391547485.0,sz
196,2015-10-27,11588.94,11758.41,11820.72,11229.1,366332020.0,sz
197,2015-10-28,11689.29,11494.35,11834.07,11446.43,341529331.0,sz
198,2015-10-29,11565.71,11566.66,11694.78,11406.1,281809603.0,sz
199,2015-10-30,11542.01,11546.05,11711.04,11369.39,296335950.0,sz
200,2015-11-02,11306.2,11304.88,11637.99,11266.04,274690912.0,sz
201,2015-11-03,11341.3,11288.14,11416.84,11200.6,224051317.0,sz
202,2015-11-04,11351.25,11884.9,11884.9,11351.25,339438198.0,sz
203,2015-11-05,11908.69,11939.81,12091.53,11853.46,429137162.0,sz
204,2015-11-06,11952.51,12273.35,12292.42,11952.51,377370580.0,sz
205,2015-11-09,12227.41,12453.24,12538.35,12145.06,422232445.0,sz
206,2015-11-10,12390.53,12500.53,12597.16,12349.03,400913319.0,sz
207,2015-11-11,12509.53,12677.54,12687.2,12445.29,382124837.0,sz
208,2015-11-12,12735.5,12635.39,12758.67,12483.34,403545111.0,sz
209,2015-11-13,12492.94,12402.04,12574.96,12272.38,362993475.0,sz
210,2015-11-16,12180.99,12620.38,12620.38,12171.66,292408242.0,sz
211,2015-11-17,12744.79,12511.54,12827.2,12478.97,403496948.0,sz
212,2015-11-18,12516.14,12283.76,12580.91,12257.04,306149511.0,sz
213,2015-11-19,12326.16,12609.84,12609.84,12309.79,294467430.0,sz
214,2015-11-20,12650.25,12702.03,12766.26,12565.8,364726731.0,sz
215,2015-11-23,12699.15,12586.69,12806.32,12539.98,362385503.0,sz
216,2015-11-24,12580.72,12694.86,12694.86,12438.92,283930675.0,sz
217,2015-11-25,12696.13,12893.23,12904.79,12666.19,325415891.0,sz
218,2015-11-26,12952.0,12767.5,12970.47,12747.89,349661625.0,sz
219,2015-11-27,12697.51,11961.7,12733.45,11880.32,371475176.0,sz
220,2015-11-30,11991.7,12037.86,12121.22,11455.5,325215288.0,sz
221,2015-12-01,12022.83,12081.17,12206.17,11938.63,270222227.0,sz
222,2015-12-02,12068.98,12186.27,12188.01,11830.99,263999913.0,sz
223,2015-12-03,12205.44,12447.38,12447.38,12205.44,249532940.0,sz
224,2015-12-04,12384.5,12329.18,12474.46,12268.49,268070340.0,sz
225,2015-12-07,12351.41,12443.05,12467.85,12262.13,247670389.0,sz
226,2015-12-08,12371.11,12164.97,12371.11,12151.15,261043071.0,sz
227,2015-12-09,12112.2,12179.83,12257.58,12091.76,232964394.0,sz
228,2015-12-10,12180.77,12181.03,12318.04,12158.65,228638942.0,sz
229,2015-12-11,12120.59,12134.02,12228.29,12051.44,204665890.0,sz
230,2015-12-14,12023.81,12400.59,12400.59,12004.49,214942210.0,sz
231,2015-12-15,12412.46,12495.25,12553.79,12412.46,228293822.0,sz
232,2015-12-16,12533.11,12511.03,12595.12,12471.09,235451304.0,sz
233,2015-12-17,12602.67,12825.48,12825.48,12602.67,328537680.0,sz
234,2015-12-18,12825.02,12830.25,12904.08,12763.43,305752699.0,sz
235,2015-12-21,12824.43,13028.31,13047.12,12816.71,298490677.0,sz
236,2015-12-22,13064.69,13139.12,13139.12,12980.38,288396557.0,sz
237,2015-12-23,13142.53,13007.87,13187.05,12974.63,312253260.0,sz
238,2015-12-24,12977.25,12932.37,13003.78,12770.36,232550081.0,sz
239,2015-12-25,12960.25,12980.57,13012.74,12898.47,214331268.0,sz
240,2015-12-28,13025.66,12686.34,13064.5,12686.34,279782357.0,sz
241,2015-12-29,12676.61,12806.16,12806.16,12598.11,215009940.0,sz
242,2015-12-30,12826.48,12889.83,12899.94,12768.17,231731893.0,sz
243,2015-12-31,12893.12,12664.89,12921.71,12664.53,222261748.0,sz
244,2016-01-04,12650.72,11630.93,12659.41,11626.48,204855281.0,sz
245,2016-01-05,11116.9,11468.06,11687.48,11063.64,294290847.0,sz
246,2016-01-06,11520.77,11724.88,11730.48,11413.98,253497236.0,sz
247,2016-01-07,11504.9,10760.27,11504.9,10745.47,71661949.0,sz
248,2016-01-08,11008.89,10888.91,11121.78,10376.29,285149359.0,sz
249,2016-01-11,10656.87,10212.46,10809.57,10212.46,261299240.0,sz
250,2016-01-12,10243.57,10293.7,10414.94,10065.09,217637344.0,sz
251,2016-01-13,10347.08,9978.82,10435.24,9978.82,208940529.0,sz
252,2016-01-14,9678.22,10344.94,10357.95,9668.9,228512680.0,sz
253,2016-01-15,10268.95,9997.92,10363.82,9940.89,221160169.0,sz
254,2016-01-18,9807.25,10155.96,10273.59,9807.25,193371608.0,sz
255,2016-01-19,10137.38,10501.79,10519.67,10105.55,231434581.0,sz
256,2016-01-20,10434.36,10366.85,10554.04,10297.82,229661636.0,sz
257,2016-01-21,10207.42,9975.97,10475.51,9975.97,210049960.0,sz
258,2016-01-22,10095.42,10111.57,10171.92,9837.74,178117791.0,sz
259,2016-01-25,10194.75,10192.53,10291.5,10103.65,165141228.0,sz
260,2016-01-26,10079.22,9483.55,10104.47,9463.31,213988374.0,sz
261,2016-01-27,9525.61,9422.43,9556.83,8986.52,221352705.0,sz
262,2016-01-28,9309.87,9082.59,9430.56,9045.5,168852758.0,sz
263,2016-01-29,9077.11,9418.2,9491.06,9056.04,180895269.0,sz
264,2016-02-01,9389.62,9322.01,9457.43,9196.15,153653484.0,sz
265,2016-02-02,9332.69,9610.93,9646.95,9332.69,167598237.0,sz
266,2016-02-03,9509.5,9638.87,9679.54,9453.16,158729875.0,sz
267,2016-02-04,9667.91,9793.07,9844.02,9667.91,179719335.0,sz
268,2016-02-05,9802.25,9673.48,9830.08,9670.02,147328675.0,sz
269,2016-02-15,9385.52,9668.84,9725.18,9385.52,137361527.0,sz
270,2016-02-16,9727.76,10045.37,10071.02,9727.76,200401244.0,sz
271,2016-02-17,10043.69,10161.77,10178.55,9982.17,230764905.0,sz
272,2016-02-18,10231.26,10116.4,10273.63,10099.1,237235768.0,sz
273,2016-02-19,10091.67,10162.32,10225.99,10066.04,190410945.0,sz
274,2016-02-22,10290.05,10370.99,10371.14,10239.58,235950816.0,sz
275,2016-02-23,10374.36,10299.67,10397.52,10171.67,227973806.0,sz
276,2016-02-24,10256.39,10307.63,10355.32,10100.5,222308175.0,sz
277,2016-02-25,10290.96,9551.08,10290.96,9510.1,270406679.0,sz
278,2016-02-26,9625.37,9573.7,9676.24,9392.67,208500408.0,sz
279,2016-02-29,9528.72,9097.36,9528.72,9000.89,208654406.0,sz
280,2016-03-01,9116.56,9322.0,9384.31,9011.51,210109005.0,sz
281,2016-03-02,9308.49,9766.37,9781.91,9308.49,269773490.0,sz
282,2016-03-03,9770.74,9762.01,9946.93,9749.0,288666936.0,sz
283,2016-03-04,9721.22,9536.71,9797.56,9447.11,260496578.0,sz
284,2016-03-07,9642.25,9703.83,9805.37,9614.69,198685981.0,sz
285,2016-03-08,9690.57,9732.73,9732.73,9348.76,230994060.0,sz
286,2016-03-09,9525.25,9523.14,9672.49,9466.49,180320840.0,sz
287,2016-03-10,9526.19,9390.35,9600.23,9382.16,151024903.0,sz
288,2016-03-11,9286.53,9363.41,9430.95,9254.24,127013351.0,sz
289,2016-03-14,9466.42,9665.13,9763.37,9466.42,206576985.0,sz
290,2016-03-15,9636.63,9574.19,9677.48,9536.27,171548456.0,sz
291,2016-03-16,9629.82,9469.03,9661.93,9418.55,158569567.0,sz
292,2016-03-17,9515.63,9791.85,9820.99,9511.71,232923912.0,sz
293,2016-03-18,9841.04,10126.59,10170.69,9833.11,318038488.0,sz
294,2016-03-21,10255.9,10394.14,10394.14,10234.65,338114653.0,sz
295,2016-03-22,10308.91,10344.08,10435.13,10254.69,279156473.0,sz
296,2016-03-23,10317.93,10442.38,10442.38,10277.25,247866735.0,sz
297,2016-03-24,10346.56,10283.68,10473.22,10263.56,270355878.0,sz
298,2016-03-25,10256.41,10339.68,10371.52,10223.16,209957241.0,sz
299,2016-03-28,10399.17,10276.84,10494.2,10248.27,239851383.0,sz
300,2016-03-29,10259.71,10094.71,10279.0,10024.06,207050074.0,sz
301,2016-03-30,10187.64,10445.69,10445.69,10187.64,230625507.0,sz
302,2016-03-31,10494.52,10455.37,10552.58,10426.45,250739233.0,sz
303,2016-04-01,10410.68,10379.65,10442.3,10224.37,215708421.0,sz
304,2016-04-05,10393.65,10640.27,10656.15,10373.54,262935835.0,sz
305,2016-04-06,10604.23,10683.86,10696.03,10570.14,261054408.0,sz
306,2016-04-07,10719.27,10504.88,10743.23,10504.88,266086471.0,sz
307,2016-04-08,10425.01,10413.54,10457.01,10288.8,222155688.0,sz
308,2016-04-11,10513.87,10609.59,10667.04,10513.87,245676237.0,sz
309,2016-04-12,10600.79,10533.41,10624.59,10430.31,217142978.0,sz
310,2016-04-13,10599.21,10684.92,10810.41,10599.21,310650978.0,sz
311,2016-04-14,10741.65,10771.61,10771.96,10651.92,240663855.0,sz
312,2016-04-15,10774.49,10733.63,10784.6,10680.74,218468768.0,sz
313,2016-04-18,10665.44,10568.93,10665.44,10508.98,208783393.0,sz
314,2016-04-19,10618.83,10602.46,10649.25,10531.54,188697189.0,sz
315,2016-04-20,10632.07,10164.74,10647.09,10011.57,304527921.0,sz
316,2016-04-21,10120.11,10058.8,10242.36,10049.35,213752856.0,sz
317,2016-04-22,9995.12,10151.76,10151.76,9976.04,170672532.0,sz
318,2016-04-25,10122.13,10106.79,10137.75,9986.39,154085290.0,sz
319,2016-04-26,10095.96,10209.9,10209.9,10076.74,151350986.0,sz
320,2016-04-27,10221.83,10174.16,10279.09,10159.5,169442964.0,sz
321,2016-04-28,10178.24,10149.91,10198.95,9990.67,169807425.0,sz
322,2016-04-29,10111.61,10141.54,10196.92,10100.18,140358941.0,sz
323,2016-05-03,10144.15,10441.92,10441.92,10105.8,203638722.0,sz
324,2016-05-04,10401.67,10422.8,10498.32,10389.77,205626889.0,sz
325,2016-05-05,10403.55,10474.01,10480.22,10372.22,180871153.0,sz
326,2016-05-06,10473.3,10100.54,10501.43,10100.54,259249729.0,sz
327,2016-05-09,10018.51,9790.48,10018.51,9747.87,201947423.0,sz
328,2016-05-10,9770.3,9793.21,9836.98,9738.52,136891204.0,sz
329,2016-05-11,9848.32,9781.15,9904.53,9743.08,154095615.0,sz
330,2016-05-12,9664.28,9796.58,9801.2,9544.12,156009502.0,sz
331,2016-05-13,9769.13,9759.27,9880.69,9710.17,142455929.0,sz
332,2016-05-16,9729.79,9910.08,9910.08,9690.33,149063783.0,sz
333,2016-05-17,9918.43,9908.79,10007.38,9839.86,177572077.0,sz
334,2016-05-18,9835.58,9694.78,9835.58,9591.18,177671442.0,sz
335,2016-05-19,9684.12,9733.74,9847.21,9684.12,156519127.0,sz
336,2016-05-20,9657.75,9816.75,9816.75,9628.98,149982321.0,sz
337,2016-05-23,9839.78,9918.16,9937.83,9839.76,168995988.0,sz
338,2016-05-24,9903.17,9821.7,9903.17,9765.65,155743075.0,sz
339,2016-05-25,9883.94,9784.6,9930.81,9756.52,151806991.0,sz
340,2016-05-26,9766.08,9826.14,9826.14,9605.45,166070295.0,sz
341,2016-05-27,9798.34,9813.63,9878.74,9775.22,159719982.0,sz
342,2016-05-30,9756.87,9768.84,9847.7,9681.24,138615551.0,sz
343,2016-05-31,9786.0,10159.93,10159.93,9786.0,255837041.0,sz
344,2016-06-01,10184.23,10209.14,10284.36,10177.21,265378467.0,sz
345,2016-06-02,10192.51,10274.03,10274.03,10181.18,231725611.0,sz
346,2016-06-03,10275.94,10344.91,10412.95,10258.02,251444675.0,sz
347,2016-06-06,10383.45,10363.08,10403.8,10296.18,208363866.0,sz
348,2016-06-07,10365.81,10347.84,10371.87,10297.42,199520844.0,sz
349,2016-06-08,10330.18,10316.82,10372.98,10232.13,208133522.0,sz
350,2016-06-13,10190.78,9862.58,10256.62,9862.58,233249786.0,sz
351,2016-06-14,9830.55,9895.15,9927.59,9795.94,169160286.0,sz
352,2016-06-15,9790.88,10173.85,10215.61,9779.11,229617522.0,sz
353,2016-06-16,10154.18,10115.12,10199.52,10090.23,234661826.0,sz
354,2016-06-17,10135.38,10182.53,10261.96,10113.95,226520285.0,sz
355,2016-06-20,10183.77,10221.85,10241.91,10101.63,199578495.0,sz
356,2016-06-21,10285.04,10131.86,10357.18,10093.15,234898490.0,sz
357,2016-06-22,10108.96,10297.98,10297.98,10104.88,197126765.0,sz
358,2016-06-23,10288.47,10255.27,10312.61,10183.01,217227974.0,sz
359,2016-06-24,10235.04,10147.7,10315.35,9901.9,270946439.0,sz
360,2016-06-27,10090.05,10377.57,10377.57,10090.05,234958792.0,sz
361,2016-06-28,10330.12,10463.45,10475.76,10309.23,268308772.0,sz
362,2016-06-29,10499.91,10460.97,10527.69,10434.24,249559901.0,sz
363,2016-06-30,10474.93,10489.99,10509.99,10435.53,223147002.0,sz
364,2016-07-01,10506.22,10458.43,10555.95,10436.6,204800603.0,sz
365,2016-07-04,10369.69,10609.86,10631.57,10362.85,254107837.0,sz
366,2016-07-05,10598.42,10602.77,10626.02,10546.7,263764213.0,sz
367,2016-07-06,10567.67,10641.65,10641.65,10538.1,249830742.0,sz
368,2016-07-07,10612.23,10620.58,10662.7,10526.81,280981989.0,sz
369,2016-07-08,10613.71,10611.8,10672.92,10560.31,226836468.0,sz
370,2016-07-11,10633.62,10594.82,10734.34,10587.96,262658134.0,sz
371,2016-07-12,10583.17,10757.84,10757.84,10487.55,283692404.0,sz
372,2016-07-13,10794.5,10853.55,10890.02,10772.83,285320795.0,sz
373,2016-07-14,10834.9,10854.13,10866.44,10786.49,235098210.0,sz
374,2016-07-15,10854.5,10823.21,10869.07,10774.54,225067263.0,sz
375,2016-07-18,10793.17,10762.0,10835.3,10708.74,218879292.0,sz
376,2016-07-19,10753.87,10778.25,10783.22,10661.39,200363644.0,sz
377,2016-07-20,10775.56,10759.86,10818.95,10740.59,201056494.0,sz
378,2016-07-21,10758.33,10787.21,10872.34,10746.88,215917939.0,sz
379,2016-07-22,10782.24,10709.07,10801.47,10700.11,209978877.0,sz
380,2016-07-25,10684.55,10718.36,10778.73,10668.64,193466392.0,sz
381,2016-07-26,10714.75,10852.21,10852.21,10713.7,189431004.0,sz
382,2016-07-27,10858.7,10405.85,10873.26,10289.96,319061880.0,sz
383,2016-07-28,10386.83,10396.3,10481.69,10262.3,218537287.0,sz
384,2016-07-29,10384.4,10329.43,10411.13,10294.5,168147010.0,sz
385,2016-08-01,10289.88,10185.48,10290.05,10086.64,171711755.0,sz
386,2016-08-02,10173.34,10250.54,10250.54,10157.85,128236281.0,sz
387,2016-08-03,10229.47,10281.25,10295.76,10205.98,150021879.0,sz
388,2016-08-04,10272.71,10366.5,10376.21,10235.7,166288110.0,sz
389,2016-08-05,10368.8,10342.28,10420.42,10333.32,159042497.0,sz
390,2016-08-08,10315.0,10468.88,10468.88,10259.3,168014421.0,sz
391,2016-08-09,10466.04,10564.78,10564.78,10457.82,184955211.0,sz
392,2016-08-10,10558.49,10511.16,10594.77,10510.91,187720194.0,sz
393,2016-08-11,10496.43,10390.96,10526.35,10390.96,180178480.0,sz
394,2016-08-12,10373.05,10528.1,10528.1,10364.47,169956756.0,sz
395,2016-08-15,10556.4,10822.11,10862.96,10552.95,285306872.0,sz
396,2016-08-16,10845.62,10882.95,10913.22,10845.07,261239933.0,sz
397,2016-08-17,10879.99,10890.69,10936.58,10832.78,239624650.0,sz
398,2016-08-18,10873.65,10879.2,10946.74,10834.01,254258444.0,sz
399,2016-08-19,10865.38,10872.71,10911.77,10819.8,215165098.0,sz
400,2016-08-22,10869.06,10731.4,10894.84,10731.2,214013050.0,sz
401,2016-08-23,10720.5,10750.29,10793.37,10680.1,189050806.0,sz
402,2016-08-24,10751.35,10760.44,10815.26,10732.92,183005005.0,sz
403,2016-08-25,10694.34,10679.15,10699.25,10564.36,200663095.0,sz
404,2016-08-26,10703.32,10693.75,10785.0,10675.6,187552255.0,sz
405,2016-08-29,10690.95,10724.4,10757.26,10682.26,167850183.0,sz
406,2016-08-30,10732.77,10729.12,10787.32,10713.75,165372533.0,sz
407,2016-08-31,10730.55,10757.88,10776.32,10679.65,173134785.0,sz
408,2016-09-01,10759.75,10669.51,10765.51,10669.51,179543238.0,sz
409,2016-09-02,10666.1,10640.42,10727.88,10592.08,164618268.0,sz
410,2016-09-05,10682.71,10695.45,10756.43,10674.96,163252496.0,sz
411,2016-09-06,10714.54,10861.5,10861.5,10623.99,216823933.0,sz
412,2016-09-07,10860.12,10838.71,10903.64,10827.25,232756176.0,sz
413,2016-09-08,10830.05,10851.19,10863.96,10795.87,183177097.0,sz
414,2016-09-09,10855.29,10762.79,10877.09,10762.79,195540111.0,sz
415,2016-09-12,10578.78,10461.58,10619.89,10460.51,219043242.0,sz
416,2016-09-13,10519.02,10514.58,10545.2,10460.13,163278434.0,sz
417,2016-09-14,10466.83,10454.24,10519.96,10425.69,152682919.0,sz
418,2016-09-19,10476.63,10557.25,10570.58,10476.63,142375087.0,sz
419,2016-09-20,10563.04,10544.53,10563.73,10520.08,146374595.0,sz
420,2016-09-21,10543.38,10583.4,10600.68,10538.94,144124352.0,sz
421,2016-09-22,10644.71,10662.21,10697.39,10634.46,171457113.0,sz
422,2016-09-23,10670.59,10609.7,10679.82,10607.86,165681597.0,sz
423,2016-09-26,10588.35,10392.7,10588.51,10392.7,179917734.0,sz
424,2016-09-27,10375.35,10476.97,10476.97,10352.02,148382851.0,sz
425,2016-09-28,10490.04,10467.16,10492.93,10436.12,128838324.0,sz
426,2016-09-29,10477.04,10512.25,10553.01,10477.04,137601784.0,sz
427,2016-09-30,10504.29,10567.58,10590.37,10499.47,128139198.0,sz
428,2016-10-10,10612.21,10741.69,10741.69,10584.7,185281398.0,sz
429,2016-10-11,10743.41,10782.31,10782.31,10727.45,194247878.0,sz
430,2016-10-12,10751.43,10788.59,10792.12,10733.31,182306704.0,sz
431,2016-10-13,10784.74,10787.49,10818.04,10757.49,188185774.0,sz
432,2016-10-14,10774.37,10759.68,10774.37,10692.07,178955421.0,sz
433,2016-10-17,10770.34,10651.5,10783.67,10624.82,191944732.0,sz
434,2016-10-18,10637.69,10797.02,10797.02,10637.69,191065156.0,sz
435,2016-10-19,10811.27,10757.92,10824.41,10733.69,201237047.0,sz
436,2016-10-20,10763.46,10784.33,10802.66,10752.92,195500610.0,sz
437,2016-10-21,10783.56,10748.9,10802.54,10678.12,200917345.0,sz
438,2016-10-24,10755.49,10842.64,10871.16,10740.18,210372712.0,sz
439,2016-10-25,10846.76,10871.5,10871.66,10841.2,206162612.0,sz
440,2016-10-26,10871.24,10817.51,10871.24,10793.63,218186117.0,sz
441,2016-10-27,10805.8,10788.97,10808.14,10745.28,178155812.0,sz
442,2016-10-28,10783.28,10711.04,10836.77,10710.93,192463069.0,sz
443,2016-10-31,10685.36,10704.3,10719.04,10630.3,164562202.0,sz
444,2016-11-01,10714.82,10796.14,10797.06,10706.87,177627271.0,sz
445,2016-11-02,10771.35,10692.65,10785.11,10686.94,208026614.0,sz
446,2016-11-03,10662.16,10743.96,10804.26,10655.14,233632510.0,sz
447,2016-11-04,10737.91,10702.57,10784.84,10684.47,204276926.0,sz
448,2016-11-07,10704.26,10695.18,10729.99,10663.56,205824951.0,sz
449,2016-11-08,10734.07,10763.13,10785.88,10722.36,200168038.0,sz
450,2016-11-09,10768.86,10697.11,10785.09,10575.16,246924730.0,sz
451,2016-11-10,10777.1,10821.66,10848.98,10777.1,242295173.0,sz
452,2016-11-11,10823.93,10878.14,10878.14,10792.83,281999653.0,sz
453,2016-11-14,10855.98,10907.53,10952.61,10847.82,285351576.0,sz
454,2016-11-15,10910.15,10958.1,10958.1,10877.4,240766643.0,sz
455,2016-11-16,10970.7,10968.08,10998.92,10956.87,250475998.0,sz
456,2016-11-17,10942.1,10945.42,10961.8,10887.51,212322310.0,sz
457,2016-11-18,10946.88,10889.11,10963.66,10876.91,198971205.0,sz
458,2016-11-21,10877.08,10899.92,10955.44,10861.81,201748812.0,sz
459,2016-11-22,10910.42,10985.6,10985.6,10910.42,224188412.0,sz
460,2016-11-23,11011.0,10973.8,11041.52,10952.0,244814755.0,sz
461,2016-11-24,10960.64,10967.47,11030.12,10947.27,227850065.0,sz
462,2016-11-25,10966.36,11036.53,11036.53,10830.4,220609305.0,sz
463,2016-11-28,11078.77,11068.87,11108.87,11045.68,219691307.0,sz
464,2016-11-29,11039.62,11034.7,11124.81,11026.3,227891910.0,sz
465,2016-11-30,11023.66,11012.19,11072.06,10983.18,194226942.0,sz
466,2016-12-01,11037.11,11088.16,11090.93,11036.61,188491900.0,sz
467,2016-12-02,11074.54,10912.63,11078.29,10905.39,206628260.0,sz
468,2016-12-05,10776.12,10784.33,10894.08,10762.85,182669355.0,sz
469,2016-12-06,10798.8,10779.77,10833.81,10774.36,153386453.0,sz
470,2016-12-07,10780.21,10855.72,10855.72,10751.2,165389029.0,sz
471,2016-12-08,10865.22,10812.3,10865.22,10804.74,168931223.0,sz
472,2016-12-09,10802.18,10789.62,10835.91,10766.56,165299252.0,sz
473,2016-12-12,10774.59,10302.85,10775.57,10292.54,243139859.0,sz
474,2016-12-13,10280.44,10332.28,10364.06,10192.13,176990954.0,sz
475,2016-12-14,10318.07,10232.82,10333.66,10213.95,172728071.0,sz
476,2016-12-15,10202.24,10256.11,10331.98,10195.0,168623828.0,sz
477,2016-12-16,10258.64,10334.76,10346.53,10239.21,166599293.0,sz
478,2016-12-19,10330.61,10283.16,10330.61,10262.69,158432013.0,sz
479,2016-12-20,10275.44,10245.33,10276.63,10204.02,151266617.0,sz
480,2016-12-21,10266.19,10313.57,10320.34,10266.19,154183581.0,sz
481,2016-12-22,10310.72,10306.92,10323.07,10257.32,145831033.0,sz
482,2016-12-23,10304.63,10199.86,10311.39,10196.72,147891048.0,sz
483,2016-12-26,10163.51,10233.42,10233.42,10062.37,142659195.0,sz
484,2016-12-27,10229.91,10230.57,10270.98,10221.67,135860512.0,sz
485,2016-12-28,10229.01,10187.16,10246.77,10169.8,138421446.0,sz
486,2016-12-29,10177.03,10159.45,10222.52,10151.28,129922632.0,sz
487,2016-12-30,10175.5,10177.14,10204.09,10145.11,131023309.0,sz
488,2017-01-03,10205.14,10262.85,10275.13,10205.14,142799563.0,sz
489,2017-01-04,10264.43,10384.87,10384.87,10255.75,176261631.0,sz
490,2017-01-05,10382.6,10371.47,10396.9,10365.44,172154778.0,sz
491,2017-01-06,10362.85,10289.36,10363.12,10286.52,167935200.0,sz
492,2017-01-09,10281.31,10331.79,10337.7,10258.37,154048486.0,sz
493,2017-01-10,10327.01,10306.34,10357.14,10301.69,158569769.0,sz
494,2017-01-11,10294.3,10215.48,10331.37,10213.86,151352790.0,sz
495,2017-01-12,10207.43,10131.23,10236.09,10127.42,146913493.0,sz
496,2017-01-13,10135.68,10008.3,10155.22,9997.4,145844255.0,sz
497,2017-01-16,9993.56,9712.8,9993.56,9482.84,193278313.0,sz
498,2017-01-17,9684.53,9826.79,9827.91,9611.19,141204617.0,sz
499,2017-01-18,9801.08,9804.76,9858.79,9774.75,119205325.0,sz
500,2017-01-19,9781.64,9768.57,9821.22,9746.3,114572016.0,sz
501,2017-01-20,9763.04,9906.14,9925.17,9762.78,126388534.0,sz
502,2017-01-23,9919.41,9976.19,10010.08,9919.41,133303955.0,sz
503,2017-01-24,9972.61,9941.55,9978.27,9928.08,124810347.0,sz
504,2017-01-25,9931.62,9977.96,9991.5,9922.49,110843863.0,sz
505,2017-01-26,9989.85,10052.05,10053.36,9989.35,103735008.0,sz
506,2017-02-03,10061.29,10004.84,10066.7,9985.3,98785051.0,sz
507,2017-02-06,10004.22,10078.73,10080.58,9984.64,125749176.0,sz
508,2017-02-07,10072.51,10055.57,10093.67,10011.77,140322344.0,sz
509,2017-02-08,10043.61,10130.12,10130.12,10003.92,151350136.0,sz
510,2017-02-09,10124.45,10182.73,10194.42,10116.45,174402073.0,sz
511,2017-02-10,10184.57,10186.38,10212.48,10155.36,188956974.0,sz
512,2017-02-13,10188.71,10270.83,10279.12,10187.09,181903477.0,sz
513,2017-02-14,10273.09,10264.92,10286.37,10234.37,161967542.0,sz
514,2017-02-15,10259.95,10177.25,10294.77,10160.11,184658833.0,sz
515,2017-02-16,10175.12,10253.96,10253.96,10163.24,164691735.0,sz
516,2017-02-17,10261.09,10197.92,10296.14,10183.38,180830329.0,sz
517,2017-02-20,10203.02,10329.0,10334.59,10203.02,179115372.0,sz
518,2017-02-21,10338.87,10405.75,10407.14,10330.29,189263542.0,sz
519,2017-02-22,10403.92,10444.38,10444.38,10385.1,193841710.0,sz
520,2017-02-23,10439.83,10432.64,10454.16,10379.05,199633230.0,sz
521,2017-02-24,10423.64,10443.73,10446.5,10396.75,175696703.0,sz
522,2017-02-27,10443.3,10353.55,10447.68,10345.47,172898967.0,sz
523,2017-02-28,10354.87,10391.34,10402.28,10340.09,155309885.0,sz
524,2017-03-01,10387.63,10418.62,10446.38,10378.12,180173213.0,sz
525,2017-03-02,10429.98,10367.31,10443.87,10362.0,176616284.0,sz
526,2017-03-03,10339.89,10397.05,10404.87,10308.22,164749827.0,sz
527,2017-03-06,10406.23,10522.28,10522.28,10406.23,177216437.0,sz
528,2017-03-07,10527.83,10552.14,10552.14,10495.5,177394882.0,sz
529,2017-03-08,10549.99,10498.31,10549.99,10473.88,160875187.0,sz
530,2017-03-09,10484.28,10421.06,10484.68,10402.36,160817698.0,sz
531,2017-03-10,10415.38,10451.01,10476.59,10415.38,147274867.0,sz
532,2017-03-13,10450.65,10559.88,10559.88,10402.72,165493243.0,sz
533,2017-03-14,10561.5,10531.73,10577.48,10515.52,161398251.0,sz
534,2017-03-15,10515.59,10543.01,10551.71,10499.85,156591444.0,sz
535,2017-03-16,10573.77,10624.42,10628.18,10573.77,186118485.0,sz
536,2017-03-17,10632.04,10515.41,10650.46,10514.67,203748860.0,sz
537,2017-03-20,10512.89,10532.33,10534.11,10459.74,169294749.0,sz
538,2017-03-21,10527.41,10586.62,10586.62,10513.63,159544449.0,sz
539,2017-03-22,10535.67,10553.53,10586.48,10488.63,182058906.0,sz
540,2017-03-23,10558.34,10583.04,10607.73,10477.57,187160450.0,sz
541,2017-03-24,10584.09,10646.72,10666.12,10580.11,184858717.0,sz
542,2017-03-27,10643.45,10581.92,10660.23,10578.75,179075534.0,sz
543,2017-03-28,10580.16,10563.29,10606.09,10538.02,158398982.0,sz
544,2017-03-29,10573.12,10520.82,10585.88,10497.01,184996191.0,sz
545,2017-03-30,10505.39,10348.27,10513.88,10328.95,209544968.0,sz
546,2017-03-31,10351.33,10428.72,10428.72,10351.33,159483669.0,sz
547,2017-04-05,10496.78,10627.13,10628.6,10496.78,201581475.0,sz
548,2017-04-06,10649.84,10656.17,10661.77,10608.13,191080341.0,sz
549,2017-04-07,10652.4,10669.48,10702.88,10635.08,205033818.0,sz
550,2017-04-10,10663.86,10603.28,10664.1,10593.76,239514798.0,sz
551,2017-04-11,10601.0,10655.79,10662.5,10476.66,267357218.0,sz
552,2017-04-12,10643.48,10587.31,10667.6,10584.69,256381432.0,sz
553,2017-04-13,10578.58,10654.08,10678.78,10571.7,204943492.0,sz
554,2017-04-14,10662.25,10519.86,10662.53,10515.37,218503359.0,sz
555,2017-04-17,10483.96,10450.86,10505.63,10406.52,194167310.0,sz
556,2017-04-18,10449.01,10411.44,10522.85,10405.35,184273714.0,sz
557,2017-04-19,10377.28,10348.41,10393.73,10235.0,198709924.0,sz
558,2017-04-20,10346.99,10359.09,10411.75,10306.39,173467314.0,sz
559,2017-04-21,10357.86,10314.35,10407.77,10300.4,144536330.0,sz
560,2017-04-24,10285.04,10091.89,10285.04,10060.11,160107275.0,sz
561,2017-04-25,10106.9,10165.21,10213.49,10104.55,154064364.0,sz
562,2017-04-26,10162.72,10204.84,10251.7,10161.42,165358358.0,sz
563,2017-04-27,10174.25,10229.19,10244.08,10015.89,204587982.0,sz
564,2017-04-28,10208.13,10234.65,10235.23,10176.08,164498840.0,sz
565,2017-05-02,10205.66,10223.97,10228.7,10166.39,157896045.0,sz
566,2017-05-03,10208.6,10184.14,10244.35,10146.26,168065054.0,sz
567,2017-05-04,10164.81,10147.44,10241.54,10116.01,176138250.0,sz
568,2017-05-05,10119.54,10024.44,10132.92,10024.44,166209868.0,sz
569,2017-05-08,10000.95,9833.17,10018.57,9833.17,164437303.0,sz
570,2017-05-09,9794.81,9885.34,9887.15,9736.14,138953189.0,sz
571,2017-05-10,9875.74,9756.81,9945.61,9756.81,156193417.0,sz
572,2017-05-11,9704.88,9776.45,9776.51,9566.42,173360794.0,sz
573,2017-05-12,9755.87,9787.99,9794.99,9703.1,140962776.0,sz
574,2017-05-15,9812.38,9845.6,9866.07,9812.38,133036246.0,sz
575,2017-05-16,9819.71,10046.66,10046.66,9761.35,187821149.0,sz
576,2017-05-17,10030.36,10030.11,10091.47,10019.36,192083349.0,sz
577,2017-05-18,9955.86,9974.35,10045.68,9936.31,160236016.0,sz
578,2017-05-19,9978.5,9970.96,10005.71,9922.76,143486594.0,sz
579,2017-05-22,9958.29,9899.65,10014.94,9864.95,157600498.0,sz
580,2017-05-23,9878.38,9763.78,9914.5,9761.31,169709216.0,sz
581,2017-05-24,9722.04,9812.46,9812.46,9609.41,144757481.0,sz
582,2017-05-25,9792.09,9893.78,9917.81,9727.51,174125956.0,sz
583,2017-05-26,9871.68,9859.23,9913.48,9838.7,155697181.0,sz
584,2017-05-31,9944.12,9864.84,9976.65,9855.3,156911394.0,sz
585,2017-06-01,9833.83,9730.33,9854.55,9730.06,155204548.0,sz
586,2017-06-02,9708.72,9794.89,9811.58,9637.54,148352069.0,sz
587,2017-06-05,9799.81,9842.6,9866.34,9799.65,134634243.0,sz
588,2017-06-06,9834.54,9915.92,9915.92,9821.13,128153122.0,sz
589,2017-06-07,9915.18,10109.88,10117.06,9910.53,195081975.0,sz
590,2017-06-08,10104.59,10148.72,10162.48,10097.66,181596476.0,sz
591,2017-06-09,10147.02,10177.45,10182.61,10124.94,163669953.0,sz
592,2017-06-12,10144.12,10119.99,10197.1,10108.98,157412979.0,sz
593,2017-06-13,10104.71,10224.82,10237.4,10102.5,154654986.0,sz
594,2017-06-14,10208.84,10151.53,10226.15,10138.82,161572507.0,sz
595,2017-06-15,10140.08,10221.69,10225.05,10134.41,178519213.0,sz
596,2017-06-16,10212.98,10191.24,10233.8,10176.86,157560167.0,sz
597,2017-06-19,10191.98,10262.8,10262.8,10191.87,147909480.0,sz
598,2017-06-20,10281.57,10288.53,10323.0,10273.06,173672936.0,sz
599,2017-06-21,10327.13,10367.17,10367.17,10269.32,165176341.0,sz
600,2017-06-22,10361.34,10265.2,10418.61,10265.2,189652241.0,sz
601,2017-06-23,10249.79,10366.78,10366.78,10196.39,170980622.0,sz
602,2017-06-26,10377.22,10537.59,10537.59,10377.22,177259321.0,sz
603,2017-06-27,10532.57,10535.36,10548.8,10479.35,160497026.0,sz
604,2017-06-28,10507.05,10451.57,10517.94,10436.08,153786203.0,sz
605,2017-06-29,10460.38,10511.86,10523.52,10459.94,149470642.0,sz
606,2017-06-30,10475.22,10529.61,10537.5,10454.88,144071841.0,sz
607,2017-07-03,10531.73,10535.05,10541.86,10464.68,156423480.0,sz
608,2017-07-04,10527.77,10474.83,10527.77,10437.4,160742635.0,sz
609,2017-07-05,10443.03,10561.09,10561.09,10434.68,169332084.0,sz
610,2017-07-06,10547.51,10562.06,10574.11,10467.91,201012912.0,sz
611,2017-07-07,10526.78,10563.72,10564.31,10504.1,194723547.0,sz
612,2017-07-10,10542.55,10505.6,10574.21,10497.39,212700249.0,sz
613,2017-07-11,10488.89,10467.71,10568.37,10467.12,187942448.0,sz
614,2017-07-12,10465.87,10453.19,10494.25,10360.1,188731005.0,sz
615,2017-07-13,10444.78,10466.1,10491.39,10431.5,172243647.0,sz
616,2017-07-14,10445.57,10427.79,10452.94,10382.37,160920967.0,sz
617,2017-07-17,10383.22,10055.8,10384.05,10006.38,244580369.0,sz
618,2017-07-18,10012.91,10103.76,10103.76,9960.56,176032349.0,sz
619,2017-07-19,10079.68,10295.58,10296.29,10064.31,214222046.0,sz
620,2017-07-20,10288.89,10366.98,10392.06,10282.28,204421598.0,sz
621,2017-07-21,10354.54,10364.82,10406.25,10342.72,178586161.0,sz
622,2017-07-24,10352.85,10404.22,10414.07,10341.24,197173779.0,sz
623,2017-07-25,10398.25,10353.21,10421.21,10317.92,179706470.0,sz
624,2017-07-26,10365.61,10297.34,10380.7,10247.54,193380940.0,sz
625,2017-07-27,10284.92,10395.19,10416.55,10216.02,250613394.0,sz
626,2017-07-28,10381.31,10437.94,10456.41,10371.39,206511224.0,sz
627,2017-07-31,10438.23,10505.04,10517.33,10418.83,236531806.0,sz
628,2017-08-01,10496.71,10525.35,10529.9,10472.71,232970565.0,sz
629,2017-08-02,10526.0,10469.34,10557.47,10461.95,248436844.0,sz
630,2017-08-03,10454.01,10436.17,10507.23,10403.59,225187414.0,sz
631,2017-08-04,10426.53,10361.23,10450.69,10360.83,237518210.0,sz
632,2017-08-07,10353.15,10451.08,10451.08,10347.5,193367327.0,sz
633,2017-08-08,10448.87,10496.25,10516.61,10437.85,229013342.0,sz
634,2017-08-09,10487.77,10544.59,10548.06,10455.27,213354598.0,sz
635,2017-08-10,10525.15,10480.64,10582.16,10417.08,218979910.0,sz
636,2017-08-11,10407.33,10291.35,10459.91,10281.63,223525987.0,sz
637,2017-08-14,10308.97,10519.8,10519.8,10308.97,202632800.0,sz
638,2017-08-15,10527.54,10559.78,10559.78,10502.52,190194917.0,sz
639,2017-08-16,10550.42,10600.78,10625.34,10504.07,217126112.0,sz
640,2017-08-17,10601.65,10653.73,10658.16,10583.4,223714450.0,sz
641,2017-08-18,10586.35,10614.08,10636.15,10563.26,198016866.0,sz
642,2017-08-21,10624.81,10689.77,10689.77,10624.81,186784564.0,sz
643,2017-08-22,10689.65,10653.98,10699.05,10631.25,191559878.0,sz
644,2017-08-23,10642.22,10619.34,10662.83,10583.18,170980408.0,sz
645,2017-08-24,10617.74,10552.96,10627.34,10537.78,162184457.0,sz
646,2017-08-25,10556.54,10659.01,10671.71,10556.54,174530307.0,sz
647,2017-08-28,10678.35,10809.74,10866.36,10678.35,233005683.0,sz
648,2017-08-29,10796.54,10762.37,10818.22,10742.13,209014711.0,sz
649,2017-08-30,10762.24,10813.93,10825.89,10762.24,205631843.0,sz
650,2017-08-31,10823.31,10816.64,10837.39,10759.79,193759152.0,sz
651,2017-09-01,10822.49,10880.56,10880.56,10807.77,236753576.0,sz
652,2017-09-04,10882.13,10962.85,10969.57,10859.36,253945574.0,sz
653,2017-09-05,10958.2,10986.95,10995.53,10928.86,226193446.0,sz
654,2017-09-06,10959.31,11024.59,11036.89,10939.26,236870137.0,sz
655,2017-09-07,11030.6,10969.13,11059.47,10966.54,251504933.0,sz
656,2017-09-08,10961.7,10970.77,11011.11,10911.82,219333801.0,sz
657,2017-09-11,10979.72,11053.73,11053.73,10963.62,228236917.0,sz
658,2017-09-12,11063.85,11043.61,11131.95,11019.87,297519757.0,sz
659,2017-09-13,11040.1,11091.49,11091.49,11015.74,217492360.0,sz
660,2017-09-14,11091.97,11070.49,11124.54,11033.82,237594677.0,sz
661,2017-09-15,11058.1,11063.1,11105.02,11022.25,227737866.0,sz
662,2017-09-18,11062.43,11153.53,11154.75,11062.43,206122108.0,sz
663,2017-09-19,11160.42,11083.9,11181.18,11055.24,213063878.0,sz
664,2017-09-20,11083.85,11191.13,11191.13,11083.21,220593840.0,sz
665,2017-09-21,11187.88,11098.34,11199.19,11098.34,221588625.0,sz
666,2017-09-22,11067.11,11069.82,11085.43,11025.89,194211957.0,sz
667,2017-09-25,11054.26,10930.67,11056.66,10911.03,183699677.0,sz
668,2017-09-26,10915.66,10950.77,10951.14,10890.92,167782382.0,sz
669,2017-09-27,10951.96,11036.78,11063.13,10951.88,170431974.0,sz
670,2017-09-28,11029.47,11031.42,11072.56,11015.48,182851295.0,sz
671,2017-09-29,11042.72,11087.19,11121.44,11042.72,181068376.0,sz
672,2017-10-09,11248.35,11264.27,11305.46,11214.9,216678335.0,sz
673,2017-10-10,11260.77,11329.51,11329.51,11229.02,214431770.0,sz
674,2017-10-11,11319.46,11312.5,11344.59,11285.92,229886296.0,sz
675,2017-10-12,11309.36,11307.33,11337.12,11240.66,198752460.0,sz
676,2017-10-13,11312.27,11399.09,11400.05,11308.04,195039498.0,sz
677,2017-10-16,11401.87,11271.2,11422.93,11267.27,236289539.0,sz
678,2017-10-17,11254.41,11275.34,11318.0,11214.82,157441909.0,sz
679,2017-10-18,11277.54,11282.75,11323.26,11240.63,178797229.0,sz
680,2017-10-19,11275.31,11189.55,11290.72,11179.19,182603706.0,sz
681,2017-10-20,11154.93,11238.88,11238.88,11140.34,144399784.0,sz
682,2017-10-23,11239.69,11306.31,11306.31,11228.68,154500822.0,sz
683,2017-10-24,11289.02,11339.13,11339.13,11260.68,156281937.0,sz
684,2017-10-25,11330.75,11437.21,11437.21,11324.17,160022018.0,sz
685,2017-10-26,11430.0,11461.29,11509.02,11413.93,183886110.0,sz
686,2017-10-27,11456.57,11444.52,11484.91,11415.37,176979283.0,sz
687,2017-10-30,11446.79,11312.61,11472.28,11192.18,223352109.0,sz
688,2017-10-31,11293.34,11367.62,11368.19,11274.17,155987092.0,sz
689,2017-11-01,11370.52,11350.32,11424.48,11341.07,162985100.0,sz
690,2017-11-02,11336.48,11292.42,11337.01,11251.81,181190253.0,sz
691,2017-11-03,11287.55,11215.19,11334.68,11165.06,179760266.0,sz
692,2017-11-06,11218.04,11373.74,11373.74,11181.29,178683569.0,sz
693,2017-11-07,11374.09,11467.97,11467.97,11370.99,193616573.0,sz
694,2017-11-08,11460.15,11447.4,11563.82,11441.8,210038868.0,sz
695,2017-11-09,11443.54,11553.24,11553.24,11414.2,186042368.0,sz
696,2017-11-10,11540.55,11645.05,11659.65,11531.59,204295219.0,sz
697,2017-11-13,11657.63,11695.0,11714.98,11631.19,212922501.0,sz
698,2017-11-14,11689.94,11582.92,11700.73,11538.34,218041044.0,sz
699,2017-11-15,11548.0,11462.11,11583.97,11390.3,179370221.0,sz
700,2017-11-16,11442.85,11537.96,11549.08,11415.75,180035277.0,sz
701,2017-11-17,11519.92,11292.93,11555.87,11292.93,236670399.0,sz
702,2017-11-20,11229.58,11437.55,11437.55,11087.53,183784980.0,sz
703,2017-11-21,11419.09,11602.1,11602.1,11407.4,201203936.0,sz
704,2017-11-22,11598.04,11560.8,11666.13,11454.26,196786361.0,sz
705,2017-11-23,11520.04,11175.47,11520.04,11162.53,196371019.0,sz
706,2017-11-24,11135.07,11168.39,11225.2,11058.99,159697129.0,sz
707,2017-11-27,11126.78,10954.18,11126.78,10936.14,164559024.0,sz
708,2017-11-28,10938.4,11091.14,11091.14,10936.4,146029309.0,sz
709,2017-11-29,11095.91,11082.13,11108.45,10936.99,173222706.0,sz
710,2017-11-30,11036.75,10944.1,11079.93,10908.7,150778315.0,sz
711,2017-12-01,10941.87,11013.15,11077.43,10926.77,148449124.0,sz
712,2017-12-04,11007.19,11014.55,11099.83,10993.51,157333821.0,sz
713,2017-12-05,10988.07,10854.75,11044.18,10801.4,177587758.0,sz
714,2017-12-06,10838.04,10911.33,10911.33,10716.29,158824714.0,sz
715,2017-12-07,10886.26,10801.25,10925.2,10795.84,135430809.0,sz
716,2017-12-08,10789.17,10935.06,10964.79,10789.17,146228435.0,sz
717,2017-12-11,10962.18,11143.26,11143.26,10962.18,158546559.0,sz
718,2017-12-12,11145.75,11043.21,11176.58,11043.21,150996403.0,sz
719,2017-12-13,11030.02,11143.89,11143.89,11019.59,133789343.0,sz
720,2017-12-14,11138.46,11110.18,11165.61,11070.98,145975597.0,sz
721,2017-12-15,11092.15,10998.12,11104.82,10970.73,157212224.0,sz
722,2017-12-18,10991.11,10960.12,11046.1,10916.19,133860385.0,sz
723,2017-12-19,10964.14,11074.99,11077.18,10963.79,130291597.0,sz
724,2017-12-20,11072.41,11003.33,11079.13,10988.89,140075895.0,sz
725,2017-12-21,10988.77,11118.25,11149.04,10935.22,150891800.0,sz
726,2017-12-22,11112.73,11094.16,11154.75,11078.26,129119659.0,sz
727,2017-12-25,11102.16,11005.5,11132.59,10967.37,147971068.0,sz
728,2017-12-26,11002.34,11021.83,11025.1,10900.64,139956796.0,sz
729,2017-12-27,11007.44,10911.21,11026.73,10911.21,154718700.0,sz
730,2017-12-28,10907.83,10974.01,11029.08,10891.75,159818717.0,sz
731,2017-12-29,10984.86,11040.45,11040.62,10971.64,139772319.0,sz
732,2018-01-02,11079.64,11178.05,11178.05,11072.87,163737774.0,sz
733,2018-01-03,11181.18,11280.3,11316.46,11171.12,198404750.0,sz
734,2018-01-04,11270.91,11341.35,11341.35,11259.46,180376491.0,sz
735,2018-01-05,11339.57,11342.85,11372.29,11310.29,187950133.0,sz
736,2018-01-08,11343.82,11382.72,11386.04,11287.6,203604071.0,sz
737,2018-01-09,11371.93,11447.09,11449.6,11358.13,184081836.0,sz
738,2018-01-10,11439.22,11437.08,11446.41,11345.1,196342709.0,sz
739,2018-01-11,11411.58,11464.2,11482.81,11372.36,189897902.0,sz
740,2018-01-12,11459.46,11461.99,11496.53,11420.26,186021470.0,sz
741,2018-01-15,11453.33,11307.46,11476.58,11277.31,224433734.0,sz
742,2018-01-16,11283.6,11386.91,11402.46,11283.29,192863411.0,sz
743,2018-01-17,11366.6,11303.97,11367.16,11185.92,213515921.0,sz
744,2018-01-18,11287.64,11319.91,11375.11,11279.42,155610115.0,sz
745,2018-01-19,11314.46,11296.27,11393.04,11276.57,183429288.0,sz
746,2018-01-22,11289.86,11513.08,11513.08,11273.69,181074818.0,sz
747,2018-01-23,11514.56,11555.25,11564.95,11493.74,174188769.0,sz
748,2018-01-24,11548.21,11607.57,11613.96,11456.26,210735223.0,sz
749,2018-01-25,11588.38,11552.56,11633.46,11548.68,213762239.0,sz
750,2018-01-26,11524.7,11557.82,11605.13,11512.94,175611738.0,sz
751,2018-01-29,11547.68,11352.72,11556.65,11323.69,199666078.0,sz
752,2018-01-30,11319.97,11278.78,11370.0,11260.31,157973243.0,sz
753,2018-01-31,11210.06,11159.68,11244.18,11119.32,194794973.0,sz
754,2018-02-01,11145.41,10864.34,11171.36,10836.35,224818677.0,sz
755,2018-02-02,10794.13,10925.16,10933.16,10663.54,184626569.0,sz
756,2018-02-05,10761.08,10836.25,10873.24,10741.85,148705223.0,sz
757,2018-02-06,10603.54,10377.61,10685.16,10377.61,196877410.0,sz
758,2018-02-07,10563.31,10246.97,10599.54,10173.66,185364908.0,sz
759,2018-02-08,10219.39,10372.59,10411.2,10219.21,154429802.0,sz
760,2018-02-09,10096.46,10001.23,10172.78,9868.83,193571354.0,sz
761,2018-02-12,10059.86,10291.88,10325.68,10059.86,144996154.0,sz
762,2018-02-13,10367.68,10362.43,10486.81,10350.17,142167333.0,sz
763,2018-02-14,10381.16,10431.91,10433.09,10319.15,100082438.0,sz
764,2018-02-22,10547.81,10658.94,10667.8,10526.98,136170478.0,sz
765,2018-02-23,10667.81,10662.79,10700.11,10578.79,140530855.0,sz
766,2018-02-26,10731.31,10895.56,10920.21,10670.17,200183490.0,sz
767,2018-02-27,10898.29,10807.53,10915.36,10791.95,195932779.0,sz
768,2018-02-28,10705.81,10828.73,10875.71,10656.36,186638953.0,sz
769,2018-03-01,10754.62,10943.13,10943.13,10732.93,190070304.0,sz
770,2018-03-02,10857.87,10856.25,10947.39,10840.01,184646816.0,sz
771,2018-03-05,10882.87,10875.68,10913.03,10813.46,159549538.0,sz
772,2018-03-06,10909.28,11007.95,11007.95,10873.85,206525497.0,sz
773,2018-03-07,10993.95,10904.99,11031.48,10897.58,179148337.0,sz
774,2018-03-08,10902.35,11019.08,11019.08,10892.18,165203174.0,sz
775,2018-03-09,11040.37,11194.91,11203.72,11030.55,234555468.0,sz
776,2018-03-12,11266.32,11326.27,11328.77,11260.46,261773246.0,sz
777,2018-03-13,11311.04,11241.41,11335.3,11236.38,227848425.0,sz
778,2018-03-14,11198.77,11139.63,11242.3,11138.39,196067737.0,sz
779,2018-03-15,11100.53,11163.65,11195.94,11051.62,187573554.0,sz
780,2018-03-16,11166.43,11051.12,11192.36,11051.12,169598355.0,sz
781,2018-03-19,11046.03,11068.49,11120.75,10994.68,165819447.0,sz
782,2018-03-20,10982.73,11077.8,11082.03,10951.99,177360077.0,sz
783,2018-03-21,11100.91,10980.55,11170.56,10973.58,202472474.0,sz
784,2018-03-22,10988.83,10877.25,11035.58,10858.44,175778163.0,sz
785,2018-03-23,10511.16,10439.99,10664.93,10256.5,282412822.0,sz
786,2018-03-26,10303.75,10564.38,10564.38,10217.22,195798888.0,sz
787,2018-03-27,10683.16,10775.71,10799.37,10675.5,222882762.0,sz
788,2018-03-28,10633.7,10630.69,10768.48,10613.06,204801306.0,sz
789,2018-03-29,10676.56,10755.92,10778.8,10564.29,192574640.0,sz
790,2018-03-30,10776.71,10868.66,10883.05,10766.53,209103163.0,sz
791,2018-04-02,10887.47,10852.95,10950.22,10835.71,238742940.0,sz
792,2018-04-03,10718.43,10754.29,10783.93,10667.33,208204043.0,sz
793,2018-04-04,10778.86,10684.56,10829.82,10678.94,193163743.0,sz
794,2018-04-09,10655.07,10653.38,10725.11,10571.16,185794685.0,sz
795,2018-04-10,10671.69,10765.62,10765.62,10628.24,199741594.0,sz
796,2018-04-11,10796.5,10808.37,10856.44,10786.84,191004361.0,sz
797,2018-04-12,10797.35,10726.96,10825.66,10720.83,171686889.0,sz
798,2018-04-13,10789.77,10687.02,10825.67,10670.65,161837312.0,sz
799,2018-04-16,10660.69,10621.79,10704.39,10540.69,188159462.0,sz
800,2018-04-17,10636.88,10395.16,10669.15,10390.05,202286400.0,sz
801,2018-04-18,10477.52,10491.15,10514.74,10249.87,215834944.0,sz
802,2018-04-19,10502.36,10598.35,10646.7,10485.41,203988578.0,sz
803,2018-04-20,10571.99,10408.91,10619.17,10392.69,196805692.0,sz
804,2018-04-23,10416.78,10330.63,10471.21,10228.09,179579807.0,sz
805,2018-04-24,10325.51,10556.82,10556.82,10325.51,190970006.0,sz
806,2018-04-25,10503.94,10547.1,10579.18,10488.87,183348346.0,sz
807,2018-04-26,10495.03,10292.12,10508.01,10290.37,186332439.0,sz
808,2018-04-27,10353.02,10324.47,10382.77,10239.97,164776511.0,sz
809,2018-05-02,10356.19,10342.85,10433.28,10283.52,160567095.0,sz
810,2018-05-03,10329.16,10458.62,10459.38,10228.26,177743321.0,sz
811,2018-05-04,10428.85,10426.19,10490.06,10411.83,150582422.0,sz
812,2018-05-07,10456.43,10626.51,10626.51,10450.49,174177180.0,sz
813,2018-05-08,10632.11,10707.8,10721.98,10630.58,182770938.0,sz
814,2018-05-09,10693.21,10689.07,10705.15,10639.92,169498644.0,sz
815,2018-05-10,10706.73,10729.77,10742.64,10651.87,180925300.0,sz
816,2018-05-11,10748.89,10634.3,10752.83,10634.23,180171412.0,sz
817,2018-05-14,10649.11,10671.46,10723.79,10641.29,169570273.0,sz
818,2018-05-15,10692.82,10747.99,10747.99,10632.55,157932634.0,sz
819,2018-05-16,10713.59,10701.32,10776.43,10691.14,165521883.0,sz
820,2018-05-17,10702.07,10635.5,10713.71,10615.92,150682885.0,sz
821,2018-05-18,10623.91,10672.52,10679.51,10557.75,154568052.0,sz
822,2018-05-21,10741.19,10765.35,10789.76,10731.61,191005737.0,sz
823,2018-05-22,10754.7,10765.8,10765.8,10689.51,179543850.0,sz
824,2018-05-23,10746.82,10631.12,10746.82,10631.12,186496581.0,sz
825,2018-05-24,10632.5,10564.13,10657.45,10552.35,158449317.0,sz
826,2018-05-25,10550.63,10448.22,10576.81,10435.95,172760872.0,sz
827,2018-05-28,10439.65,10465.54,10536.57,10382.72,169664088.0,sz
828,2018-05-29,10446.99,10349.07,10517.14,10347.94,168436143.0,sz
829,2018-05-30,10203.66,10105.79,10252.15,10097.48,197606894.0,sz
830,2018-05-31,10178.96,10295.73,10295.73,10115.66,174687655.0,sz
831,2018-06-01,10247.16,10169.35,10280.74,10122.99,162718880.0,sz
832,2018-06-04,10192.04,10204.32,10237.6,10148.69,145772249.0,sz
833,2018-06-05,10216.63,10385.61,10385.61,10216.02,152789658.0,sz
834,2018-06-06,10375.26,10365.13,10403.93,10337.71,145456730.0,sz
835,2018-06-07,10397.65,10313.85,10411.56,10308.06,147571355.0,sz
836,2018-06-08,10290.63,10205.52,10291.9,10136.58,151727244.0,sz
837,2018-06-11,10191.31,10175.35,10242.76,10141.27,131225344.0,sz
838,2018-06-12,10187.31,10315.28,10323.0,10124.98,142568223.0,sz
839,2018-06-13,10280.08,10161.65,10288.0,10161.39,142851632.0,sz
840,2018-06-14,10124.76,10084.18,10213.79,10054.37,130720916.0,sz
841,2018-06-15,10077.43,9943.13,10108.53,9902.63,159964433.0,sz
842,2018-06-19,9775.97,9414.76,9815.01,9336.7,214212671.0,sz
843,2018-06-20,9367.74,9501.34,9549.53,9310.19,169974561.0,sz
844,2018-06-21,9493.5,9316.68,9573.49,9313.09,173337573.0,sz
845,2018-06-22,9247.02,9409.95,9416.09,9172.3,152509541.0,sz
846,2018-06-25,9472.91,9324.83,9494.44,9320.66,150021423.0,sz
847,2018-06-26,9201.0,9339.37,9364.51,9175.39,163332503.0,sz
848,2018-06-27,9338.01,9168.66,9378.08,9139.82,158240662.0,sz
849,2018-06-28,9130.52,9071.73,9230.89,9065.2,152800208.0,sz
850,2018-06-29,9100.6,9379.47,9381.03,9078.24,180437085.0,sz
851,2018-07-02,9369.24,9179.8,9393.1,9107.55,180839646.0,sz
852,2018-07-03,9184.31,9221.54,9233.02,8945.42,193249685.0,sz
853,2018-07-04,9182.96,9035.49,9200.27,9008.09,170891455.0,sz
854,2018-07-05,9036.12,8862.18,9096.54,8844.67,163346226.0,sz
855,2018-07-06,8873.9,8911.34,9035.45,8736.36,186062997.0,sz
856,2018-07-09,8954.31,9160.62,9160.62,8954.31,161689088.0,sz
857,2018-07-10,9176.29,9205.43,9213.87,9123.22,163300557.0,sz
858,2018-07-11,9024.72,9023.82,9092.88,8916.98,178766515.0,sz
859,2018-07-12,9019.96,9273.61,9312.38,9019.96,211251550.0,sz
860,2018-07-13,9288.47,9326.97,9344.65,9270.2,186432415.0,sz
861,2018-07-16,9322.97,9317.36,9366.21,9278.07,166706969.0,sz
862,2018-07-17,9307.66,9285.16,9307.66,9175.66,159232332.0,sz
863,2018-07-18,9293.2,9195.24,9335.09,9195.24,175256581.0,sz
864,2018-07-19,9214.9,9148.78,9266.93,9116.45,161620344.0,sz
865,2018-07-20,9141.51,9251.48,9277.95,9055.86,169930479.0,sz
866,2018-07-23,9188.47,9314.3,9314.3,9160.05,199809119.0,sz
867,2018-07-24,9316.65,9465.8,9491.24,9313.17,244672639.0,sz
868,2018-07-25,9475.72,9463.76,9514.94,9436.99,213146958.0,sz
869,2018-07-26,9467.56,9352.25,9488.39,9331.45,229138686.0,sz
870,2018-07-27,9344.75,9295.93,9363.17,9270.35,188934763.0,sz
871,2018-07-30,9289.36,9181.94,9309.44,9139.74,178357087.0,sz
872,2018-07-31,9168.83,9178.78,9216.73,9132.08,147991098.0,sz
873,2018-08-01,9205.75,9005.37,9235.74,9005.37,173264529.0,sz
